event_id,ticker,country,company,product,public_date,capture_date,capture_ts,trade_ready_date,ai_key,all_presentations_available,presentation_rows,unique_presentations,evidence
80,ZYDUSLIFE.NS,IN,Zydus Pharms USA,Ranitidine Hydrochloride (Zantac) Injection,2014-08-14,2014-08-17,20140817181133,2014-08-17,ranitidine hydrochloride (zantac) injection,True,2,2,"[{""company"": ""Zydus Pharms USA"", ""presentation"": ""Ranitidine Hydrochloride Injection USP, 25mg/mL, 6 mL (NDC 68382-423-06)"", ""availability"": ""available"", ""availability_raw"": ""Available"", ""on_allocation"": false}, {""company"": ""Zydus Pharms USA"", ""presentation"": ""Ranitidine Hydrochloride Injection USP, 25mg/mL, 2mL (NDC 68382-422-02)"", ""availability"": ""available"", ""availability_raw"": ""Available"", ""on_allocation"": false}]"
84,MYL,US,Mylan Institutional,Azathioprine Tablet,2014-10-27,2014-10-15,20141015023542,2014-10-27,azathioprine tablet,True,1,1,"[{""company"": ""Mylan Institutional"", ""presentation"": ""50 mg tablets (NDC 0378-1005-01)"", ""availability"": ""available"", ""availability_raw"": ""Available"", ""on_allocation"": false}]"
85,FRE.DE,DE,"Fresenius Kabi USA, LLC",Clonidine HCL Injection (Duraclon),2014-10-27,2014-09-27,20140927020629,2014-10-27,clonidine hcl injection (duraclon),False,2,2,"[{""company"": ""Fresenius Kabi USA, LLC"", ""presentation"": ""1000 mcg/10mL (NDC 63323-0405-10)"", ""availability"": ""disrupted"", ""availability_raw"": ""Backordered. Next release anticipated November 2014."", ""on_allocation"": false}, {""company"": ""Fresenius Kabi USA, LLC"", ""presentation"": ""5000 mcg/10 mL (NDC 63323-0427-10)"", ""availability"": ""available"", ""availability_raw"": ""6 month dating available upon request."", ""on_allocation"": false}]"
85,MYL,US,Mylan Institutional,Clonidine HCL Injection (Duraclon),2014-10-27,2014-09-27,20140927020629,2014-10-27,clonidine hcl injection (duraclon),True,1,1,"[{""company"": ""Mylan Institutional"", ""presentation"": ""1mg/10mL SDV; Pkg of 1 (NDC 67457-218-10)"", ""availability"": ""available"", ""availability_raw"": ""Available"", ""on_allocation"": false}]"
86,MYL,US,Mylan Institutional,Famotidine Injection,2014-10-27,2014-11-20,20141120000248,2014-11-20,famotidine injection,False,3,3,"[{""company"": ""Mylan Institutional"", ""presentation"": ""20mg/2mL SDV Pkg of 10 (NDC 67457-433-22)"", ""availability"": ""disrupted"", ""availability_raw"": ""Unavailable. Estimated recovery: February 2015"", ""on_allocation"": false}, {""company"": ""Mylan Institutional"", ""presentation"": ""40mg/4mL MDV Pkg of 10 (NDC67457-448-43)"", ""availability"": ""available"", ""availability_raw"": ""Available"", ""on_allocation"": false}, {""company"": ""Mylan Institutional"", ""presentation"": ""200mg/20mL MDV Pkg of 10 (NDC 67457-457-20)"", ""availability"": ""disrupted"", ""availability_raw"": ""Unavailable. Estimated recovery: February 2015"", ""on_allocation"": false}]"
88,HSP,US,"Hospira, Inc.",Irrigation Solutions,2014-10-27,2014-09-27,20140927020635,2014-10-27,irrigation solutions,False,6,6,"[{""company"": ""Hospira, Inc."", ""presentation"": ""0.9% Sodium Chloride Irrigation USP; 1,000 mL Flexible Container (NDC 0409-7972-05)"", ""availability"": ""available"", ""availability_raw"": ""Product on allocation"", ""on_allocation"": true}, {""company"": ""Hospira, Inc."", ""presentation"": ""Lactated Ringer's Irrigation 3,000 mL Flexible Container (NDC 0409-7828-08)"", ""availability"": ""available"", ""availability_raw"": ""Product on allocation"", ""on_allocation"": true}, {""company"": ""Hospira, Inc."", ""presentation"": ""0.9% Sodium Chloride Irrigation USP; 2,000 mL Flexible Container (NDC 0409-7972-07)"", ""availability"": ""available"", ""availability_raw"": ""Product on allocation"", ""on_allocation"": true}, {""company"": ""Hospira, Inc."", ""presentation"": ""0.9% Sodium Chloride Irrigation USP; 3,000 mL Flexible Container (NDC 0409-7972-08)"", ""availability"": ""available"", ""availability_raw"": ""Product on allocation"", ""on_allocation"": true}, {""company"": ""Hospira, Inc."", ""presentation"": ""Sterile Water for Irrigation, USP; 1,000 mL Flexible Container (NDC 0409-7973-05)"", ""availability"": ""available"", ""availability_raw"": ""Available"", ""on_allocation"": false}, {""company"": ""Hospira, Inc."", ""presentation"": ""Sterile Water for Irrigation, USP; (NDC 0409-7973-08)"", ""availability"": ""available"", ""availability_raw"": ""Available"", ""on_allocation"": false}]"
93,TEVA,US,Teva Pharmaceuticals,Trimipramine Maleate (SURMONTIL) Capsules,2014-10-27,2014-11-19,20141119164018,2014-11-19,trimipramine maleate (surmontil) capsules,True,3,3,"[{""company"": ""Teva Pharmaceuticals"", ""presentation"": ""SURMONTIL(R) CAPSULES 50MG 100 (NDC 51285-0539-02)"", ""availability"": ""available"", ""availability_raw"": ""Product is currently available."", ""on_allocation"": false}, {""company"": ""Teva Pharmaceuticals"", ""presentation"": ""SURMONTIL(R) CAPSULES 25MG 100 (NDC 51285-0538-02)"", ""availability"": ""available"", ""availability_raw"": ""Product is currently available."", ""on_allocation"": false}, {""company"": ""Teva Pharmaceuticals"", ""presentation"": ""SURMONTIL(R) CAPSULES 100MG 100 (NDC 51285-0554-02 )"", ""availability"": ""available"", ""availability_raw"": ""Product is currently available."", ""on_allocation"": false}]"
105,HSP,US,"Hospira, Inc.",Ketorolac Tromethamine Injection,2015-02-07,2015-02-22,20150222032656,2015-02-22,ketorolac tromethamine injection,False,6,6,"[{""company"": ""Hospira, Inc."", ""presentation"": ""30 mg/mL; 30 mg/mL iSecure™ Luer Lock Glass Syringe (no needle) (NDC 0409-2287-23)"", ""availability"": ""available"", ""availability_raw"": ""Available"", ""on_allocation"": false}, {""company"": ""Hospira, Inc."", ""presentation"": ""30 mg/mL; 30 mg/mL Carpuject™ Luer Lock Glass Syringe (no needle) (NDC 0409-2287-31)"", ""availability"": ""disrupted"", ""availability_raw"": ""Next delivery: February 2015; Estimated recovery: TBD"", ""on_allocation"": false}, {""company"": ""Hospira, Inc."", ""presentation"": ""30 mg/mL; 60 mg/2 mL Carpuject™ Luer Lock Glass Syringe (no needle) (NDC 0409-2287-61)"", ""availability"": ""available"", ""availability_raw"": ""Available"", ""on_allocation"": false}, {""company"": ""Hospira, Inc."", ""presentation"": ""15 mg/mL; 15 mg/mL Single Dose Glass Fliptop Vial (NDC 0409-3793-01)"", ""availability"": ""unknown"", ""availability_raw"": ""Continuous Deliveries"", ""on_allocation"": false}, {""company"": ""Hospira, Inc."", ""presentation"": ""30 mg/mL; 30 mg/mL Single Dose Glass Fliptop Vial (NDC 0409-3795-01)"", ""availability"": ""unknown"", ""availability_raw"": ""Continuous Deliveries"", ""on_allocation"": false}, {""company"": ""Hospira, Inc."", ""presentation"": ""30 mg/mL; 60 mg/2 mL Single Dose Glass Fliptop Vial (NDC 0409-3796-01)"", ""availability"": ""available"", ""availability_raw"": ""Available"", ""on_allocation"": false}]"
131,PFE,US,"Hospira, Inc.","Potassium Acetate Injection, USP",2016-03-06,2016-03-02,20160302130755,2016-03-06,"potassium acetate injection, usp",True,2,2,"[{""company"": ""Hospira, Inc."", ""presentation"": ""2 mEq/mL; 100 mEq/50 mL Pharmacy Bulk Package Glass Fliptop Vial (NDC 0409-3294-51)"", ""availability"": ""available"", ""availability_raw"": ""Available, releasing product consistently"", ""on_allocation"": false}, {""company"": ""Hospira, Inc."", ""presentation"": ""2 mEq/mL; 40 mEq/20 mL Single Dose Plastic Fliptop Vial (NDC 0409-8183-01)"", ""availability"": ""available"", ""availability_raw"": ""Available, releasing product consistently"", ""on_allocation"": false}]"
132,PFE,US,"Hospira, Inc.","Sodium Acetate Injection, USP",2016-03-06,2016-03-02,20160302130843,2016-03-06,"sodium acetate injection, usp",False,3,3,"[{""company"": ""Hospira, Inc."", ""presentation"": ""2 mEq/mL; 100 mEq/50 mL Pharmacy Bulk Package Glass Fliptop Vial (NDC 0409-3299-05)"", ""availability"": ""disrupted"", ""availability_raw"": ""Next delivery: Early April and estimated recovery Early 2Q 2016"", ""on_allocation"": false}, {""company"": ""Hospira, Inc."", ""presentation"": ""2 mEq/mL; 200 mEq/100 mL Pharmacy Bulk Package Glass Fliptop Vial (NDC 0409-3299-06)"", ""availability"": ""available"", ""availability_raw"": ""Available, releasing product consistently"", ""on_allocation"": false}, {""company"": ""Hospira, Inc."", ""presentation"": ""2 mEq/mL; 40 mEq/20 mL Single Dose Plastic Fliptop Vial (NDC 0409-7299-73)"", ""availability"": ""available"", ""availability_raw"": ""Available, releasing product consistently"", ""on_allocation"": false}]"
133,PFE,US,"Hospira, Inc.","Sodium Bicarbonate Injection, USP",2016-03-06,2016-03-03,20160303000842,2016-03-06,"sodium bicarbonate injection, usp",False,6,6,"[{""company"": ""Hospira, Inc."", ""presentation"": ""[Neut™ (Sodium Bicarbonate Additive Solution)] 4% (200mg/5mL) Single Dose Glass Fliptop Vial (NDC 0409-6609-02)"", ""availability"": ""available"", ""availability_raw"": ""Available"", ""on_allocation"": false}, {""company"": ""Hospira, Inc."", ""presentation"": ""(Infant) 4.2% (0.5 mEq/mL); 5 mEq/10 mL LifeShield™ Abboject™ Glass Syringe with Male Luer Lock Adapter and 20-Gauge protected needle (NDC 0409-5534-34)"", ""availability"": ""disrupted"", ""availability_raw"": ""Next delivery: April Estimated recovery: 2Q 2016"", ""on_allocation"": false}, {""company"": ""Hospira, Inc."", ""presentation"": ""7.5% (0.9 mEq/mL); 44.6 mEq/50 mL LifeShield™ Abboject™ Glass Syringe with Male Luer Lock Adapter and 18-Gauge protected needle (NDC 0409-4916-34)"", ""availability"": ""disrupted"", ""availability_raw"": ""Next delivery: April Estimated recovery: 2Q 2016"", ""on_allocation"": false}, {""company"": ""Hospira, Inc."", ""presentation"": ""8.4% (1 mEq/mL); 50 mEq/50 mL Single Dose Glass Fliptop Vial (NDC 0409-6625-02)"", ""availability"": ""disrupted"", ""availability_raw"": ""Next delivery: Early March; Estimated recovery: Early 2Q 2016"", ""on_allocation"": false}, {""company"": ""Hospira, Inc."", ""presentation"": ""8.4% (1 mEq/mL); 50 mEq/50 mL LifeShield™ Abboject™ Glass Syringe (18 G x 1 1/2\"")(NDC 0409-6637-34)"", ""availability"": ""disrupted"", ""availability_raw"": ""Next delivery: April Estimated recovery: 2Q 2016"", ""on_allocation"": false}, {""company"": ""Hospira, Inc."", ""presentation"": ""(Pediatric) 8.4% (1 mEq/mL); 10 mEq/10 mL LifeShield™ Abboject™ Glass Syringe with Male Luer Lock Adapter and 20-Gauge protected needle (NDC 0409-4900-34)"", ""availability"": ""disrupted"", ""availability_raw"": ""Next delivery: April Estimated recovery: 2Q 2016"", ""on_allocation"": false}]"
135,FRE.DE,DE,"Fresenius Kabi USA, LLC","Methylprednisolone Sodium Succinate for Injection, USP",2016-03-19,2016-03-27,20160327102859,2016-03-27,"methylprednisolone sodium succinate for injection, usp",False,3,3,"[{""company"": ""Fresenius Kabi USA, LLC"", ""presentation"": ""40 mg, Single Dose Vial (NDC 63323-255-03)"", ""availability"": ""disrupted"", ""availability_raw"": ""Backordered. Next release anticipated late April 2016."", ""on_allocation"": false}, {""company"": ""Fresenius Kabi USA, LLC"", ""presentation"": ""125 mg, Single Dose Vial (NDC 63323-258-03)"", ""availability"": ""disrupted"", ""availability_raw"": ""Backordered. Next release anticipated late April 2016."", ""on_allocation"": false}, {""company"": ""Fresenius Kabi USA, LLC"", ""presentation"": ""1 g, Single Dose Vial (NDC 63323-265-30)"", ""availability"": ""available"", ""availability_raw"": ""Available"", ""on_allocation"": false}]"
135,PFE,US,Pfizer Pharmaceuticals,"Methylprednisolone Sodium Succinate for Injection, USP",2016-03-19,2016-03-27,20160327102859,2016-03-27,"methylprednisolone sodium succinate for injection, usp",False,9,9,"[{""company"": ""Pfizer Pharmaceuticals"", ""presentation"": ""Solu-Medrol® (methylprednisolone sodium succinate, USP) Sterile Powder for Injection Rx 40 mg 1 mL ACT-O-VIAL® (NDC 0009-0039-28)"", ""availability"": ""disrupted"", ""availability_raw"": ""Weekly shipments with full recovery projected beginning July 2016"", ""on_allocation"": false}, {""company"": ""Pfizer Pharmaceuticals"", ""presentation"": ""Solu-Medrol® (methylprednisolone sodium succinate, USP) Sterile Powder for Injection Rx 125 mg 2 mL ACT-O-VIAL® (NDC 0009-0047-22)"", ""availability"": ""disrupted"", ""availability_raw"": ""Weekly shipments with full recovery projected beginning July 2016"", ""on_allocation"": false}, {""company"": ""Pfizer Pharmaceuticals"", ""presentation"": ""Solu-Medrol® (methylprednisolone sodium succinate, USP) Sterile Powder for Injection Rx 500 mg 4 mL ACT-O-VIAL® (NDC 0009-0003-02)"", ""availability"": ""available"", ""availability_raw"": ""Available"", ""on_allocation"": false}, {""company"": ""Pfizer Pharmaceuticals"", ""presentation"": ""Solu-Medrol® (methylprednisolone sodium succinate, USP) Sterile Powder for Injection Rx 1 gm 8 mL ACT-O-VIAL® (NDC 0009-0758-01)"", ""availability"": ""available"", ""availability_raw"": ""Available"", ""on_allocation"": false}, {""company"": ""Pfizer Pharmaceuticals"", ""presentation"": ""Solu-Medrol® (methylprednisolone sodium succinate, USP) Sterile Powder for Injection Rx 1 gm 8 mL ACT-O-VIAL® (NDC 0009-0018-20)"", ""availability"": ""available"", ""availability_raw"": ""Available"", ""on_allocation"": false}, {""company"": ""Pfizer Pharmaceuticals"", ""presentation"": ""Solu-Medrol® (methylprednisolone sodium succinate, USP) Sterile Powder for Injection Rx 1 gm 16 mL Vial (NDC 0009-0698-01)"", ""availability"": ""available"", ""availability_raw"": ""Available"", ""on_allocation"": false}, {""company"": ""Pfizer Pharmaceuticals"", ""presentation"": ""Solu-Medrol® (methylprednisolone sodium succinate, USP) Sterile Powder for Injection Rx 2 gm Vial w/Diluent (NDC 0009-0796-01)"", ""availability"": ""available"", ""availability_raw"": ""Available"", ""on_allocation"": false}, {""company"": ""Pfizer Pharmaceuticals"", ""presentation"": ""Solu-Medrol® (methylprednisolone sodium succinate, USP) Sterile Powder for Injection for NovaPlus® Rx 40 mg 1 mL ACT-O-VIAL (NDC 0009-0039-32)"", ""availability"": ""available"", ""availability_raw"": ""Available"", ""on_allocation"": false}, {""company"": ""Pfizer Pharmaceuticals"", ""presentation"": ""Solu-Medrol® (methylprednisolone sodium succinate, USP) Sterile Powder for Injection for NovaPlus® Rx 125 mg 2 mL ACT-O-VIAL® (NDC 0009-0047-26)"", ""availability"": ""available"", ""availability_raw"": ""Available"", ""on_allocation"": false}]"
136,APLLTD.NS,IN,Alembic Pharmaceuticals,Theophylline Extended Release Tablets and Capsules,2016-04-09,2016-05-02,20160502152036,2016-05-02,theophylline extended release tablets and capsules,True,7,7,"[{""company"": ""Alembic Pharmaceuticals"", ""presentation"": ""300 mg, bottle of 30 counts (NDC 62332-025-30)"", ""availability"": ""available"", ""availability_raw"": ""Product available"", ""on_allocation"": false}, {""company"": ""Alembic Pharmaceuticals"", ""presentation"": ""300 mg, bottle of 100 counts (NDC 62332-025-31)"", ""availability"": ""available"", ""availability_raw"": ""Product available"", ""on_allocation"": false}, {""company"": ""Alembic Pharmaceuticals"", ""presentation"": ""300 mg, bottle of 500 counts (NDC 62332-025-71)"", ""availability"": ""available"", ""availability_raw"": ""Product available"", ""on_allocation"": false}, {""company"": ""Alembic Pharmaceuticals"", ""presentation"": ""300 mg, bottle of 1000 counts (NDC 62332-025-91)"", ""availability"": ""available"", ""availability_raw"": ""Product available"", ""on_allocation"": false}, {""company"": ""Alembic Pharmaceuticals"", ""presentation"": ""450 mg, bottle of 30 counts (NDC 62332-026-30)"", ""availability"": ""available"", ""availability_raw"": ""Product available"", ""on_allocation"": false}, {""company"": ""Alembic Pharmaceuticals"", ""presentation"": ""450 mg, bottle of 100 counts (NDC 62332-026-31)"", ""availability"": ""available"", ""availability_raw"": ""Product available"", ""on_allocation"": false}, {""company"": ""Alembic Pharmaceuticals"", ""presentation"": ""450 mg, bottle of 500 counts (NDC 62332-026-71)"", ""availability"": ""available"", ""availability_raw"": ""Product available"", ""on_allocation"": false}]"
136,MYL,US,Mylan Pharmaceuticals Inc.,Theophylline Extended Release Tablets and Capsules,2016-04-09,2016-05-02,20160502152036,2016-05-02,theophylline extended release tablets and capsules,True,2,2,"[{""company"": ""Mylan Pharmaceuticals Inc."", ""presentation"": ""Theophylline ER Tabs 400mg 100s (NDC 29033-001-01)"", ""availability"": ""available"", ""availability_raw"": ""Available"", ""on_allocation"": false}, {""company"": ""Mylan Pharmaceuticals Inc."", ""presentation"": ""Theophylline ER Tabs 600mg 100s (NDC 29033-002-01"", ""availability"": ""available"", ""availability_raw"": ""Available"", ""on_allocation"": false}]"
266,FRE.DE,DE,"Fresenius Kabi USA, LLC",Vinblastine Sulfate Injection,2019-07-23,2019-08-07,20190807073322,2019-08-07,vinblastine sulfate injection,True,1,1,"[{""company"": ""Fresenius Kabi USA, LLC"", ""presentation"": ""10 mg per 10 mL (1 mg per mL); MDV (NDC 63323-0278-10)"", ""availability"": ""available"", ""availability_raw"": ""Available for direct and drop ship orders to support patient care."", ""on_allocation"": false}]"
267,FRE.DE,DE,"Fresenius Kabi USA, LLC",Pentamidine Isethionate (Nebupent) For Inhalation Solution,2019-08-10,2019-08-24,20190824174607,2019-08-24,pentamidine isethionate (nebupent) for inhalation solution,True,1,1,"[{""company"": ""Fresenius Kabi USA, LLC"", ""presentation"": ""300 mg per vial, SDV, PF (NDC 63323-877-15)"", ""availability"": ""available"", ""availability_raw"": ""Available"", ""on_allocation"": false}]"
275,TORNTPHARM.NS,IN,Torrent Pharma Inc.,Anagrelide Hydrochloride Capsules,2019-11-02,2019-11-14,20191114133818,2019-11-14,anagrelide hydrochloride capsules,True,2,2,"[{""company"": ""Torrent Pharma Inc."", ""presentation"": ""0.5 mg per capsule Bottles of 100 (NDC 13668-453-01)"", ""availability"": ""available"", ""availability_raw"": ""Available to ship in the week of Nov-11"", ""on_allocation"": false}, {""company"": ""Torrent Pharma Inc."", ""presentation"": ""1 mg per capsule, Bottles of 100 (NDC 13668-462-01)"", ""availability"": ""available"", ""availability_raw"": ""Available to ship in the week of Nov-4"", ""on_allocation"": false}]"
285,MYL,US,Mylan,Pindolol Tablets,2020-02-28,2020-03-12,20200312055234,2020-03-12,pindolol tablets,False,2,2,"[{""company"": ""Mylan"", ""presentation"": ""Pindolol 5mg Tabs 100s (NDC 0378-0052-01)"", ""availability"": ""available"", ""availability_raw"": ""Available"", ""on_allocation"": false}, {""company"": ""Mylan"", ""presentation"": ""Pindolol 10mg Tabs 100s (NDC 0389-0127-01)"", ""availability"": ""disrupted"", ""availability_raw"": ""Unavailable. Re-supply March 2020."", ""on_allocation"": false}]"
298,APLLTD.NS,IN,Alembic Pharmaceuticals,Azithromycin Tablets,2020-04-17,2020-05-02,20200502112302,2020-05-02,azithromycin tablets,False,4,4,"[{""company"": ""Alembic Pharmaceuticals"", ""presentation"": ""250 mg bottles of 30 (NDC 62332-251-30)"", ""availability"": ""available"", ""availability_raw"": ""Available"", ""on_allocation"": false}, {""company"": ""Alembic Pharmaceuticals"", ""presentation"": ""250 mg carton of 3 blister cards (6 tablets per blister card) (NDC 62332-251-06)"", ""availability"": ""unknown"", ""availability_raw"": ""Launch in June 2020"", ""on_allocation"": false}, {""company"": ""Alembic Pharmaceuticals"", ""presentation"": ""500 mg bottle of 30 (NDC 62332-252-30)"", ""availability"": ""available"", ""availability_raw"": ""Available"", ""on_allocation"": false}, {""company"": ""Alembic Pharmaceuticals"", ""presentation"": ""500 mg carton of 3 blister cards (3 tablets per blister card) (NDC 62332-252-03)"", ""availability"": ""unknown"", ""availability_raw"": ""Launch in June 2020"", ""on_allocation"": false}]"
298,AUROPHARMA.NS,IN,Aurobindo Pharma,Azithromycin Tablets,2020-04-17,2020-05-02,20200502112302,2020-05-02,azithromycin tablets,True,1,1,"[{""company"": ""Aurobindo Pharma"", ""presentation"": ""250mg 6x3 Blister Pack/ Carton (NDC 65862064163)"", ""availability"": ""available"", ""availability_raw"": ""Additional supply to be available in May 2020"", ""on_allocation"": false}]"
298,NOVN.SW,CH,Sandoz,Azithromycin Tablets,2020-04-17,2020-05-02,20200502112302,2020-05-02,azithromycin tablets,True,5,5,"[{""company"": ""Sandoz"", ""presentation"": ""600 mg 30 count bottle (NDC 0781-5793-31)"", ""availability"": ""available"", ""availability_raw"": ""Available"", ""on_allocation"": false}, {""company"": ""Sandoz"", ""presentation"": ""500 mg 30 count bottle (NDC 0781-8090-31)"", ""availability"": ""available"", ""availability_raw"": ""Available"", ""on_allocation"": false}, {""company"": ""Sandoz"", ""presentation"": ""500 mg 3 count unit dose (NDC 0781-8090-03)"", ""availability"": ""available"", ""availability_raw"": ""Available"", ""on_allocation"": false}, {""company"": ""Sandoz"", ""presentation"": ""250 mg 30 count bottle (NDC 0781-8089-31)"", ""availability"": ""available"", ""availability_raw"": ""Available"", ""on_allocation"": false}, {""company"": ""Sandoz"", ""presentation"": ""250 mg 6 count unit dose (NDC 0781-8089-26)"", ""availability"": ""available"", ""availability_raw"": ""Available"", ""on_allocation"": false}]"
298,PFE,US,Pfizer Pharmaceuticals,Azithromycin Tablets,2020-04-17,2020-05-02,20200502112302,2020-05-02,azithromycin tablets,False,8,8,"[{""company"": ""Pfizer Pharmaceuticals"", ""presentation"": ""Zithromax 250 mg tablets; Unit Dose package of 50 (NDC 0069-4061-89)"", ""availability"": ""available"", ""availability_raw"": ""Available"", ""on_allocation"": false}, {""company"": ""Pfizer Pharmaceuticals"", ""presentation"": ""Zithromax 500 mg tablets; Unit Dose package of 50 (NDC 0069-3070-86)"", ""availability"": ""disrupted"", ""availability_raw"": ""Next delivery and Estimated recovery: July 2020"", ""on_allocation"": false}, {""company"": ""Pfizer Pharmaceuticals"", ""presentation"": ""Zithromax 250 mg tablets; bottle of 30 (NDC 0069-3060-30)"", ""availability"": ""disrupted"", ""availability_raw"": ""Next delivery: May 2020 Estimated recovery: TBD"", ""on_allocation"": false}, {""company"": ""Pfizer Pharmaceuticals"", ""presentation"": ""Zithromax 250 mg tablets; boxes of 3 (Z-PAKS of 6) (NDC 0069-3060-75)"", ""availability"": ""disrupted"", ""availability_raw"": ""Next delivery: June 2020 Estimated recovery: TBD"", ""on_allocation"": false}, {""company"": ""Pfizer Pharmaceuticals"", ""presentation"": ""Zithromax 500 mg tablets; bottles of 30 (NDC 0069-3070-30)"", ""availability"": ""disrupted"", ""availability_raw"": ""Next delivery and Estimated recovery: July 2020"", ""on_allocation"": false}, {""company"": ""Pfizer Pharmaceuticals"", ""presentation"": ""Zithromax 500 mg tablets; boxes of 3 (TRI-PAKS of 3 tablets) (NDC 0069-3070-75)"", ""availability"": ""disrupted"", ""availability_raw"": ""Next delivery and Estimated recovery: July 2020"", ""on_allocation"": false}, {""company"": ""Pfizer Pharmaceuticals"", ""presentation"": ""250 mg tablets; Blister of 3x6 (NDC 59762-2198-3)"", ""availability"": ""disrupted"", ""availability_raw"": ""Next delivery: June 2020 Estimated recovery: TBD"", ""on_allocation"": false}, {""company"": ""Pfizer Pharmaceuticals"", ""presentation"": ""250 mg talbets; Bottle of 30 (NDC 59762-2198-7)"", ""availability"": ""disrupted"", ""availability_raw"": ""Next delivery: June 2020 Estimated recovery: TBD"", ""on_allocation"": false}]"
308,AUROPHARMA.NS,IN,Aurobindo Pharma,"Sertraline Hydrochloride Oral Solution, USP",2020-05-28,2020-06-12,20200612211239,2020-06-12,"sertraline hydrochloride oral solution, usp",False,2,2,"[{""company"": ""Aurobindo Pharma"", ""presentation"": ""20mg/ml, 60ml (16714-601-01)"", ""availability"": ""disrupted"", ""availability_raw"": ""Unavailable"", ""on_allocation"": false}, {""company"": ""Aurobindo Pharma"", ""presentation"": ""20mg/ml (NDC 64980-409-06)"", ""availability"": ""available"", ""availability_raw"": ""Currently available"", ""on_allocation"": false}]"
308,PFE,US,Pfizer Pharmaceuticals,"Sertraline Hydrochloride Oral Solution, USP",2020-05-28,2020-06-12,20200612211239,2020-06-12,"sertraline hydrochloride oral solution, usp",False,2,2,"[{""company"": ""Pfizer Pharmaceuticals"", ""presentation"": ""Sertraline Hydrochloride 60 mL (20 mg/mL) oral concentrate, with 12% alcohol; bottle with calibrated dropper (NDC 59762-0067-1)"", ""availability"": ""disrupted"", ""availability_raw"": ""Next delivery: June 2020; Estimated Recovery: July 2020"", ""on_allocation"": false}, {""company"": ""Pfizer Pharmaceuticals"", ""presentation"": ""Zoloft (sertraline hydrochloride) 60 mL (20 mg/mL) oral concentrate, with 12% alcohol; bottle with calibrated dropper (NDC 0049-0050-01)"", ""availability"": ""available"", ""availability_raw"": ""Available"", ""on_allocation"": false}]"
321,TEVA,US,Teva Pharmaceuticals,Zinc Acetate Capsules,2020-12-18,2021-01-17,20210117165625,2021-01-17,zinc acetate capsules,False,3,3,"[{""company"": ""Teva Pharmaceuticals"", ""presentation"": ""25 mg, bottle of 250 (NDC 57844-215-52)"", ""availability"": ""disrupted"", ""availability_raw"": ""Unavailable"", ""on_allocation"": false}, {""company"": ""Teva Pharmaceuticals"", ""presentation"": ""50 mg, bottle of 250 (NDC 57844-208-52)"", ""availability"": ""disrupted"", ""availability_raw"": ""Limited short-dated stock available until early January 2021"", ""on_allocation"": false}, {""company"": ""Teva Pharmaceuticals"", ""presentation"": ""25 mg zinc acetate dihydrate capsules, bottle of 250 (NDC 57844-376-25)"", ""availability"": ""available"", ""availability_raw"": ""Available"", ""on_allocation"": false}]"
335,FRE.DE,DE,"Fresenius Kabi USA, LLC",Calcium Gluconate Injection,2021-04-11,2021-04-12,20210412025544,2021-04-12,calcium gluconate injection,False,3,3,"[{""company"": ""Fresenius Kabi USA, LLC"", ""presentation"": ""1,000 mg calcium gluconate per 10 mL (100 mg/mL), single dose vial (NDC 63323-360-01, 1 vial; NDC 63323-360-19, 25 vials)"", ""availability"": ""available"", ""availability_raw"": ""Available"", ""on_allocation"": false}, {""company"": ""Fresenius Kabi USA, LLC"", ""presentation"": ""5,000 mg calcium gluconate per 50 mL (100 mg/mL), single dose vial (NDC 63323-360-03, 1 vial; NDC 63323-360-59, 25 vials)"", ""availability"": ""disrupted"", ""availability_raw"": ""Backordered. Next release March 2021."", ""on_allocation"": false}, {""company"": ""Fresenius Kabi USA, LLC"", ""presentation"": ""10,000 mg calcium gluconate per 100 mL (100 mg/mL), pharmacy bulk package vial (NDC 63323-360-05, 1 vial; NDC 63323-360-61, 20 vials)"", ""availability"": ""disrupted"", ""availability_raw"": ""Backordered. Next release March 2021."", ""on_allocation"": false}]"
338,PFE,US,Pfizer Pharmaceuticals,Disopyramide Phosphate (Norpace) Capsules,2021-04-11,2021-03-29,20210329194917,2021-04-11,disopyramide phosphate (norpace) capsules,False,4,4,"[{""company"": ""Pfizer Pharmaceuticals"", ""presentation"": ""Norpace CR, 100 mg capsules, bottle of 100 (NDC 0025-2732-31)"", ""availability"": ""disrupted"", ""availability_raw"": ""Limited supply available. Next Delivery and Estimated Recovery: September 2021"", ""on_allocation"": false}, {""company"": ""Pfizer Pharmaceuticals"", ""presentation"": ""Norpace CR, 150 mg capsules, bottle of 100 (NDC 0025-2742-31)"", ""availability"": ""disrupted"", ""availability_raw"": ""Limited supply available. Next Delivery and Estimated Recovery: September 2021"", ""on_allocation"": false}, {""company"": ""Pfizer Pharmaceuticals"", ""presentation"": ""100 mg capsules, bottle of 100 (NDC 59762-0386-1)"", ""availability"": ""available"", ""availability_raw"": ""Available"", ""on_allocation"": false}, {""company"": ""Pfizer Pharmaceuticals"", ""presentation"": ""150 mg capsules, bottle of 100 (NDC 59762-0400-1)"", ""availability"": ""available"", ""availability_raw"": ""Available"", ""on_allocation"": false}]"
338,TEVA,US,Teva Pharmaceuticals,Disopyramide Phosphate (Norpace) Capsules,2021-04-11,2021-03-29,20210329194917,2021-04-11,disopyramide phosphate (norpace) capsules,True,2,2,"[{""company"": ""Teva Pharmaceuticals"", ""presentation"": ""100 mg capsules, bottle of 100 (NDC 0093-3127-01)"", ""availability"": ""available"", ""availability_raw"": ""Available"", ""on_allocation"": false}, {""company"": ""Teva Pharmaceuticals"", ""presentation"": ""150 mg capsules, bottle of 100 (NDC 0093-3129-01)"", ""availability"": ""available"", ""availability_raw"": ""Available"", ""on_allocation"": false}]"
342,FRE.DE,DE,"Fresenius Kabi USA, LLC",Chloroprocaine Hydrochloride Injection,2021-05-21,2021-06-17,20210617081755,2021-06-17,chloroprocaine hydrochloride injection,False,4,4,"[{""company"": ""Fresenius Kabi USA, LLC"", ""presentation"": ""Nescacaine 1% (300 mg per 30 mL) (10 mg per mL); MDV; (NDC 63323-475-37)"", ""availability"": ""available"", ""availability_raw"": ""Available"", ""on_allocation"": false}, {""company"": ""Fresenius Kabi USA, LLC"", ""presentation"": ""Nescacaine 2% (600 mg per 30 mL) (20 mg per mL); MDV; (NDC 63323-476-37)"", ""availability"": ""available"", ""availability_raw"": ""Available"", ""on_allocation"": false}, {""company"": ""Fresenius Kabi USA, LLC"", ""presentation"": ""Nesacaine 2% (400 mg per 20 mL) (20 mg per mL); SDV; (NDC 63323-477-27)"", ""availability"": ""disrupted"", ""availability_raw"": ""Backordered. Next release June 2021."", ""on_allocation"": false}, {""company"": ""Fresenius Kabi USA, LLC"", ""presentation"": ""Nesacaine 3% (600 mg per 20 mL) (30 mg per mL); SDV; (NDC 63323-478-27)"", ""availability"": ""disrupted"", ""availability_raw"": ""Backordered. Next release July 2021."", ""on_allocation"": false}]"
342,HIK.L,UK,"Hikma Pharmaceuticals USA, Inc. (formerly West-Ward)",Chloroprocaine Hydrochloride Injection,2021-05-21,2021-06-17,20210617081755,2021-06-17,chloroprocaine hydrochloride injection,False,2,2,"[{""company"": ""Hikma Pharmaceuticals USA, Inc. (formerly West-Ward)"", ""presentation"": ""2% (20 mg/mL), 20 mL vial (NDC 0143-9209-10)"", ""availability"": ""available"", ""availability_raw"": ""Inventory is currently available."", ""on_allocation"": false}, {""company"": ""Hikma Pharmaceuticals USA, Inc. (formerly West-Ward)"", ""presentation"": ""3% (30 mg/mL), 20 mL vial (NDC 0143-9210-10)"", ""availability"": ""disrupted"", ""availability_raw"": ""This presentation is temporarily on backorder."", ""on_allocation"": false}]"
348,FRE.DE,DE,"Fresenius Kabi USA, LLC",Gentamicin Sulfate Injection,2021-07-24,2021-08-17,20210817224348,2021-08-17,gentamicin sulfate injection,False,3,3,"[{""company"": ""Fresenius Kabi USA, LLC"", ""presentation"": ""80 mg per 2 mL (40 mg per mL), MDV, (NDC 63323-010-02)"", ""availability"": ""disrupted"", ""availability_raw"": ""Backordered. Next release September 2021."", ""on_allocation"": false}, {""company"": ""Fresenius Kabi USA, LLC"", ""presentation"": ""800 mg per 20 mL (40 mg per mL), MDV, (NDC 63323-010-20)"", ""availability"": ""available"", ""availability_raw"": ""Available"", ""on_allocation"": false}, {""company"": ""Fresenius Kabi USA, LLC"", ""presentation"": ""20 mg per 2 mL (10 mg per mL), Pediatric SDV, (NDC 63323-173-02)"", ""availability"": ""disrupted"", ""availability_raw"": ""Backordered. Next release September 2021."", ""on_allocation"": false}]"
348,PFE,US,"Hospira, Inc.",Gentamicin Sulfate Injection,2021-07-24,2021-08-17,20210817224348,2021-08-17,gentamicin sulfate injection,False,2,2,"[{""company"": ""Hospira, Inc."", ""presentation"": ""80 mg/2 mL (40 mg/mL); 2 mL Single Dose Glass Fliptop Vial (NDC 00409-1207-03)"", ""availability"": ""disrupted"", ""availability_raw"": ""Next Delivery and Estimated Recovery: October 2021"", ""on_allocation"": false}, {""company"": ""Hospira, Inc."", ""presentation"": ""80 mg/2 mL (40 mg/mL) Single Dose Glass Fliptop Vial NovaPlus (NDC 00409-1207-25)"", ""availability"": ""available"", ""availability_raw"": ""Available"", ""on_allocation"": false}]"
352,BAX,US,Baxter Healthcare,Mannitol Injection,2021-09-27,2021-10-08,20211008224434,2021-10-08,mannitol injection,True,2,2,"[{""company"": ""Baxter Healthcare"", ""presentation"": ""10% OSMITROL Injection (10% Mannitol Injection, USP) 500 mL Viaflex Plastic Container Product Code 2D5613Q (NDC 0338-0535-03)"", ""availability"": ""available"", ""availability_raw"": ""Available"", ""on_allocation"": false}, {""company"": ""Baxter Healthcare"", ""presentation"": ""20% OSMITROL Injection (20% Mannitol Injection, USP) 500 mL Viaflex Plastic Container Product Code 2D5633Q (NDC 0338-0357-03); 250 mL Viaflex Plastic Container Product Code 2D5632Q (NDC 0338-0357-02)"", ""availability"": ""available"", ""availability_raw"": ""Available"", ""on_allocation"": false}]"
352,ICUI,US,"ICU Medical, Inc.",Mannitol Injection,2021-09-27,2021-10-08,20211008224434,2021-10-08,mannitol injection,True,2,2,"[{""company"": ""ICU Medical, Inc."", ""presentation"": ""20% Mannitol Injection, USP 500 mL (Legacy Hospira NDC 0409-7715-03)(ICU Medical NDC 0990-7715-03)"", ""availability"": ""available"", ""availability_raw"": ""Available"", ""on_allocation"": false}, {""company"": ""ICU Medical, Inc."", ""presentation"": ""20% Mannitol Injection, USP 250 mL (Legacy Hospira NDC 0409-7715-02)(ICU Medical NDC 0990-7715-02)"", ""availability"": ""available"", ""availability_raw"": ""Available"", ""on_allocation"": false}]"
378,PFE,US,Pfizer Pharmaceuticals,Ibutilide Fumarate Injection,2022-05-07,2022-05-23,20220523113438,2022-05-23,ibutilide fumarate injection,False,2,2,"[{""company"": ""Pfizer Pharmaceuticals"", ""presentation"": ""1 mg/10 mL (0.1 mg/mL), single dose vial (NDC 0009-3794-01)"", ""availability"": ""available"", ""availability_raw"": ""Available"", ""on_allocation"": false}, {""company"": ""Pfizer Pharmaceuticals"", ""presentation"": ""1 mg/10 mL (0.1 mg/mL), single dose vial (NDC 0009-3794-22), Novaplus"", ""availability"": ""disrupted"", ""availability_raw"": ""Next Delivery and Estimated Recovery: May 2022"", ""on_allocation"": false}]"
408,AMRX,US,Amneal,Difluprednate Ophthalmic Emulsion,2022-12-24,2022-12-28,20221228160404,2022-12-28,difluprednate ophthalmic emulsion,True,1,1,"[{""company"": ""Amneal"", ""presentation"": ""Difluprednate Ophthalmic Emulsion, 0.05% (5 mL), single-dose bottle (NDC 69238-1380-3)"", ""availability"": ""available"", ""availability_raw"": ""Available"", ""on_allocation"": false}]"
413,TEVA,US,Teva Pharmaceuticals,Capecitabine Tablets,2023-02-10,2023-02-16,20230216203943,2023-02-16,capecitabine tablets,True,2,2,"[{""company"": ""Teva Pharmaceuticals"", ""presentation"": ""150 mg, 60 count (NDC 0093-7473-08)"", ""availability"": ""available"", ""availability_raw"": ""Available"", ""on_allocation"": false}, {""company"": ""Teva Pharmaceuticals"", ""presentation"": ""500 mg, 120 count (NDC 0093-7474-89)"", ""availability"": ""available"", ""availability_raw"": ""Available"", ""on_allocation"": false}]"
414,HIK.L,UK,Hikma Pharmaceuticals,Cisplatin Injection,2023-02-10,2023-02-16,20230216090302,2023-02-16,cisplatin injection,False,2,2,"[{""company"": ""Hikma Pharmaceuticals"", ""presentation"": ""1 mg/mL, 50 mL, multi-dose vial (NDC 0143-9504-01)"", ""availability"": ""available"", ""availability_raw"": ""Currently available"", ""on_allocation"": false}, {""company"": ""Hikma Pharmaceuticals"", ""presentation"": ""1 mg/mL, 100 mL, multi-dose vial (NDC 0143-9505-01)"", ""availability"": ""disrupted"", ""availability_raw"": ""Backordered. Next release February/March 2023."", ""on_allocation"": false}]"
414,TEVA,US,Teva Pharmaceuticals,Cisplatin Injection,2023-02-10,2023-02-16,20230216090302,2023-02-16,cisplatin injection,False,2,2,"[{""company"": ""Teva Pharmaceuticals"", ""presentation"": ""1 mg/mL, 50 mL, multi-dose vial (NDC 0703-5747-11)"", ""availability"": ""available"", ""availability_raw"": ""Available"", ""on_allocation"": false}, {""company"": ""Teva Pharmaceuticals"", ""presentation"": ""1 mg/mL, 100 mL, multi-dose vial (NDC 0703-5748-11)"", ""availability"": ""unknown"", ""availability_raw"": ""Additional supply coming at the end of February 2023"", ""on_allocation"": false}]"
425,PFE,US,"Hospira, Inc., a Pfizer company",Carboplatin Injection,2023-04-30,2023-05-14,20230514151132,2023-05-14,carboplatin injection,False,8,8,"[{""company"": ""Hospira, Inc., a Pfizer company"", ""presentation"": ""50 mg/5 mL (10 mg/mL) Multiple Dose ONCO-TAIN™ Glass Fliptop Vial (NDC 61703-0339-18)"", ""availability"": ""disrupted"", ""availability_raw"": ""Limited Supply. Next delivery: July 2023; Estimated recovery: Q3 2023"", ""on_allocation"": false}, {""company"": ""Hospira, Inc., a Pfizer company"", ""presentation"": ""50 mg/5 mL (10 mg/mL) Novaplus® Multiple Dose Vial (NDC 61703-0360-18)"", ""availability"": ""disrupted"", ""availability_raw"": ""Next delivery: July 2023; Estimated recovery: Q3 2023"", ""on_allocation"": false}, {""company"": ""Hospira, Inc., a Pfizer company"", ""presentation"": ""150 mg/15 mL (10 mg/mL) Multiple Dose ONCO-TAIN™ Glass Fliptop Vial (NDC 61703-0339-22)"", ""availability"": ""disrupted"", ""availability_raw"": ""Limited Supply. Next delivery: September 2023; Estimated recovery: Q3 2023"", ""on_allocation"": false}, {""company"": ""Hospira, Inc., a Pfizer company"", ""presentation"": ""150 mg/15 mL (10 mg/mL) Novaplus® Multiple Dose Vial (NDC 61703-0150-05)"", ""availability"": ""available"", ""availability_raw"": ""Supply Available"", ""on_allocation"": false}, {""company"": ""Hospira, Inc., a Pfizer company"", ""presentation"": ""450 mg/45 mL (10 mg/mL) Multiple Dose ONCO-TAIN™ Glass Fliptop Vial (NDC 61703-0339-50)"", ""availability"": ""disrupted"", ""availability_raw"": ""Limited Supply. Next delivery: May 2023; Estimated recovery: Q3 2023"", ""on_allocation"": false}, {""company"": ""Hospira, Inc., a Pfizer company"", ""presentation"": ""450 mg/45 mL (10 mg/mL) Novaplus® Multiple Dose Vial (NDC 61703-0262-05)"", ""availability"": ""available"", ""availability_raw"": ""Supply Available"", ""on_allocation"": false}, {""company"": ""Hospira, Inc., a Pfizer company"", ""presentation"": ""600 mg/60 mL (10 mg/mL) Multiple Dose ONCO-TAIN™ Glass Fliptop Vial (NDC 61703-0339-56)"", ""availability"": ""disrupted"", ""availability_raw"": ""Next delivery: May 2023; Estimated recovery: Q3 2023"", ""on_allocation"": false}, {""company"": ""Hospira, Inc., a Pfizer company"", ""presentation"": ""600 mg/60 mL (10 mg/mL) Novaplus® Multiple Dose Vial (NDC 61703-0600-05)"", ""availability"": ""disrupted"", ""availability_raw"": ""Next delivery: May 2023; Estimated recovery: Q3 2023"", ""on_allocation"": false}]"
430,TEVA,US,Teva Pharmaceuticals USA,Methylphenidate Hydrochloride Extended Release Tablets,2023-07-29,2023-07-27,20230727195442,2023-07-29,methylphenidate hydrochloride extended release tablets,True,4,4,"[{""company"": ""Teva Pharmaceuticals USA"", ""presentation"": ""18 mg; 100 count (NDC 62037-725-01)"", ""availability"": ""available"", ""availability_raw"": ""Available"", ""on_allocation"": false}, {""company"": ""Teva Pharmaceuticals USA"", ""presentation"": ""27 mg; 100 count (NDC 62037-734-01)"", ""availability"": ""available"", ""availability_raw"": ""Available"", ""on_allocation"": false}, {""company"": ""Teva Pharmaceuticals USA"", ""presentation"": ""36 mg; 100 count (NDC 62037-726-01)"", ""availability"": ""available"", ""availability_raw"": ""Available"", ""on_allocation"": false}, {""company"": ""Teva Pharmaceuticals USA"", ""presentation"": ""54 mg; 100 count (NDC 62037-727-01)"", ""availability"": ""available"", ""availability_raw"": ""Available"", ""on_allocation"": false}]"
