month,Mkt-RF,HML,Mom,RF
2014-06-30,0.026000000000000002,-0.0070999999999999995,0.006500000000000001,0.0
2014-07-31,-0.0203,-0.0008,-0.002,0.0
2014-08-31,0.0424,-0.0058,0.0084,0.0
2014-09-30,-0.0196,-0.0147,0.0064,0.0
2014-10-31,0.025099999999999997,-0.0167,-0.0027,0.0
2014-11-30,0.0256,-0.0313,0.0069,0.0
2014-12-31,-0.0005,0.021099999999999997,0.0105,0.0
2015-01-31,-0.031,-0.0348,0.037200000000000004,0.0
2015-02-28,0.0613,-0.0175,-0.0287,0.0
2015-03-31,-0.0111,-0.0038,0.027200000000000002,0.0
2015-04-30,0.0059,0.0181,-0.0726,0.0
2015-05-31,0.0137,-0.011000000000000001,0.0576,0.0
2015-06-30,-0.0152,-0.008,0.0301,0.0
2015-07-31,0.015700000000000002,-0.0416,0.10039999999999999,0.0
2015-08-31,-0.0602,0.0275,-0.0215,0.0
2015-09-30,-0.030600000000000002,0.0055000000000000005,0.0526,0.0
2015-10-31,0.0775,-0.0046,-0.0329,0.0
2015-11-30,0.005699999999999999,-0.0043,0.023,0.0
2015-12-31,-0.0215,-0.025699999999999997,0.0333,0.0001
2016-01-31,-0.0574,0.0208,0.0148,0.0001
2016-02-29,-0.0006,-0.0060999999999999995,-0.0436,0.0002
2016-03-31,0.0695,0.0123,-0.0504,0.0002
2016-04-30,0.0092,0.0322,-0.0599,0.0001
2016-05-31,0.0178,-0.016200000000000003,0.0139,0.0001
2016-06-30,-0.0003,-0.0149,0.0414,0.0002
2016-07-31,0.0394,-0.0127,-0.0338,0.0002
2016-08-31,0.0049,0.0317,-0.0346,0.0002
2016-09-30,0.0027,-0.012199999999999999,0.0023,0.0002
2016-10-31,-0.020099999999999996,0.040999999999999995,0.0062,0.0002
2016-11-30,0.048600000000000004,0.0832,-0.047400000000000005,0.0001
2016-12-31,0.0181,0.035,-0.0026,0.0003
2017-01-31,0.0194,-0.0274,-0.0092,0.0004
2017-02-28,0.0355,-0.0152,-0.015300000000000001,0.0004
2017-03-31,0.0017000000000000001,-0.0333,-0.0096,0.0003
2017-04-30,0.0108,-0.0208,0.0051,0.0005
2017-05-31,0.010700000000000001,-0.0382,0.0149,0.0006
2017-06-30,0.0079,0.0151,-0.0011,0.0006
2017-07-31,0.018799999999999997,-0.0023,0.016399999999999998,0.0007000000000000001
2017-08-31,0.0018,-0.0213,0.0336,0.0009
2017-09-30,0.024900000000000002,0.0315,-0.0134,0.0009
2017-10-31,0.0226,0.0013,0.0424,0.0009
2017-11-30,0.031200000000000002,-0.0009,-0.0091,0.0008
2017-12-31,0.0106,0.0005,-0.015700000000000002,0.0009
2018-01-31,0.0558,-0.0132,0.0406,0.0011
2018-02-28,-0.0364,-0.011000000000000001,0.036000000000000004,0.0011
2018-03-31,-0.0235,-0.0021,-0.0121,0.0012
2018-04-30,0.0027,0.0053,0.0045000000000000005,0.0014000000000000002
2018-05-31,0.026600000000000002,-0.031400000000000004,0.0391,0.0014000000000000002
2018-06-30,0.0049,-0.0233,-0.0229,0.0014000000000000002
2018-07-31,0.032,0.004699999999999999,-0.0143,0.0016
2018-08-31,0.0345,-0.0393,0.0533,0.0016
2018-09-30,0.0006,-0.0168,-0.001,0.0015
2018-10-31,-0.0765,0.034300000000000004,-0.02,0.0019
2018-11-30,0.0171,0.0034000000000000002,-0.014199999999999999,0.0018
2018-12-31,-0.0955,-0.018799999999999997,0.0175,0.0019
2019-01-31,0.0837,-0.004,-0.0864,0.0021
2019-02-28,0.0342,-0.026600000000000002,0.0076,0.0018
2019-03-31,0.011000000000000001,-0.0416,0.0227,0.0019
2019-04-30,0.0397,0.0213,-0.0291,0.0021
2019-05-31,-0.0692,-0.0236,0.0756,0.0021
2019-06-30,0.0699,-0.0072,-0.0226,0.0018
2019-07-31,0.0123,0.005,0.029300000000000003,0.0019
2019-08-31,-0.0255,-0.04769999999999999,0.0747,0.0016
2019-09-30,0.0141,0.0676,-0.0674,0.0018
2019-10-31,0.0207,-0.0192,0.0013,0.0015
2019-11-30,0.0387,-0.02,-0.026099999999999998,0.0012
2019-12-31,0.0277,0.0173,-0.022400000000000003,0.0014000000000000002
2020-01-31,-0.0011,-0.0622,0.0602,0.0013
2020-02-29,-0.0815,-0.0382,-0.0025,0.0012
2020-03-31,-0.13369999999999999,-0.1383,0.08199999999999999,0.0012
2020-04-30,0.136,-0.0134,-0.056100000000000004,0.0
2020-05-31,0.0557,-0.05,0.0015,0.0001
2020-06-30,0.0245,-0.0217,-0.0087,0.0001
2020-07-31,0.0583,-0.0144,0.077,0.0001
2020-08-31,0.0762,-0.0302,0.0043,0.0001
2020-09-30,-0.0364,-0.027200000000000002,0.0318,0.0001
2020-10-31,-0.0208,0.0425,-0.031,0.0001
2020-11-30,0.1245,0.0209,-0.126,0.0001
2020-12-31,0.0463,-0.0168,-0.0226,0.0001
2021-01-31,-0.0007000000000000001,0.0322,0.0434,0.0
2021-02-28,0.0281,0.07200000000000001,-0.0799,0.0
2021-03-31,0.0317,0.0735,-0.061,0.0
2021-04-30,0.0495,-0.0102,0.012199999999999999,0.0
2021-05-31,0.003,0.0704,0.005600000000000001,0.0
2021-06-30,0.0274,-0.0786,0.0207,0.0
2021-07-31,0.0134,-0.018000000000000002,-0.0218,0.0
2021-08-31,0.0294,-0.0023,0.0263,0.0
2021-09-30,-0.044000000000000004,0.0512,0.0143,0.0
2021-10-31,0.0663,-0.0053,0.0331,0.0
2021-11-30,-0.0158,-0.0037,0.0096,0.0
2021-12-31,0.0323,0.0325,-0.024,0.0001
2022-01-31,-0.0616,0.1286,-0.024300000000000002,0.0
2022-02-28,-0.022799999999999997,0.030600000000000002,0.016200000000000003,0.0
2022-03-31,0.0308,-0.019,0.0292,0.0
2022-04-30,-0.0941,0.061799999999999994,0.049800000000000004,0.0
2022-05-31,-0.0034000000000000002,0.08439999999999999,0.0252,0.0003
2022-06-30,-0.084,-0.06,0.0106,0.0006
2022-07-31,0.09570000000000001,-0.041299999999999996,-0.0441,0.0008
2022-08-31,-0.0377,0.0018,0.0189,0.0019
2022-09-30,-0.0934,0.0003,0.0371,0.0019
2022-10-31,0.0785,0.0797,0.0394,0.0023
2022-11-30,0.04650000000000001,0.0148,-0.0171,0.0029
2022-12-31,-0.0638,0.0134,0.049400000000000006,0.0033
2023-01-31,0.0661,-0.0394,-0.16210000000000002,0.0034999999999999996
2023-02-28,-0.025699999999999997,-0.008,0.0052,0.0034000000000000002
2023-03-31,0.0248,-0.09050000000000001,-0.023799999999999998,0.0036
2023-04-30,0.0062,-0.0012,0.0175,0.0034999999999999996
2023-05-31,0.0034000000000000002,-0.0779,-0.0088,0.0036
2023-06-30,0.0646,-0.0013,-0.0271,0.004
2023-07-31,0.0321,0.0406,-0.039900000000000005,0.0045000000000000005
2023-08-31,-0.0236,-0.0115,0.039,0.0045000000000000005
2023-09-30,-0.052300000000000006,0.015,0.0025,0.0043
2023-10-31,-0.0315,0.0022,0.0169,0.004699999999999999
2023-11-30,0.0888,0.0166,0.0259,0.0044
2023-12-31,0.048499999999999995,0.0487,-0.055,0.0043
2024-01-31,0.0073,-0.023700000000000002,0.0546,0.004699999999999999
2024-02-29,0.0507,-0.034300000000000004,0.0501,0.0042
2024-03-31,0.028399999999999998,0.0416,-0.0032,0.0043
2024-04-30,-0.04650000000000001,-0.0045000000000000005,-0.0043,0.004699999999999999
2024-05-31,0.0433,-0.013300000000000001,0.014499999999999999,0.0044
2024-06-30,0.027999999999999997,-0.0336,0.0086,0.0040999999999999995
2024-07-31,0.012199999999999999,0.0557,-0.0236,0.0045000000000000005
2024-08-31,0.016,-0.0113,0.048600000000000004,0.0048
2024-09-30,0.0172,-0.0273,-0.006,0.004
