entry_delay_sessions,hold_days,omission_type,omitted,cost_multiplier,lots,events,sharpe,annualized_return,average_net_lot_return,total_net_pnl
20,5,company,AMRX,1,7,6,0.10448215748343041,0.00013766660275016385,0.005249906583396311,1423.7522226339588
20,5,company,AMRX,2,7,6,0.05094896109684493,6.665412847972618e-05,0.0028336241388541216,689.1105642115144
20,5,company,BAX,1,7,7,0.5260984766899659,0.0010314022496140662,0.031099660803726732,10711.408290165644
20,5,company,BAX,2,7,7,0.48854635974344934,0.0009526051774733091,0.028607264641864857,9889.43687498668
20,5,company,ICUI,1,7,7,0.5269457892404763,0.001036168283744976,0.031380906512481155,10761.14453558339
20,5,company,ICUI,2,7,7,0.4896431018428863,0.0009576682648388957,0.028906046379120358,9942.234297568815
20,5,company,PFE,1,7,6,0.5492058172604738,0.001007735345325056,0.03105600036749202,10464.463581079439
20,5,company,PFE,2,7,6,0.5133588050279065,0.0009355074111161432,0.02860221203162482,9711.161319510293
20,5,company,TEVA,1,4,3,0.6093710720497879,0.0010012484352690532,0.053986133506171485,10396.787518692487
20,5,company,TEVA,2,4,3,0.591268682542075,0.0009656288449280126,0.051581923957432926,10025.25155701743
20,5,entry_year,2014,1,7,6,0.6194427341799389,0.0011906298037343,0.03644834664247199,12374.234611999018
20,5,entry_year,2014,2,7,6,0.5855994474776882,0.0011188715341425848,0.034008120839848395,11624.55153287521
20,5,entry_year,2016,1,7,6,0.5492058172604738,0.001007735345325056,0.03105600036749202,10464.463581079439
20,5,entry_year,2016,2,7,6,0.5133588050279065,0.0009355074111161432,0.02860221203162482,9711.161319510293
20,5,entry_year,2021,1,5,5,0.3996513632389525,0.0007612671338612653,0.03164841461662128,7896.007258346221
20,5,entry_year,2021,2,5,5,0.3690885670130669,0.0006999942599306141,0.029113003521397583,7258.3958088764475
20,5,entry_year,2023,1,5,4,0.205264362704947,0.00020099154248387485,0.00996297765358299,2079.275285885551
20,5,entry_year,2023,2,5,4,0.15757625380145376,0.00015412977892226287,0.007578289384037101,1594.137407667137
0,250,company,AMRX,1,7,6,0.038190278264634614,0.0003643388783016732,0.001933617727717607,3771.9935260995226
0,250,company,AMRX,2,7,6,0.021186103267609075,0.0001743307757828827,-0.004558195270247859,1803.242841395877
0,250,company,BAX,1,7,7,0.4498808169502763,0.008018296933483882,0.25421356395125133,86043.98021417123
0,250,company,BAX,2,7,7,0.43761623784997533,0.007794798356143717,0.2468202640935291,83557.80876840731
0,250,company,ICUI,1,7,7,0.4501329940126499,0.008037487645507602,0.2553290937847498,86257.69541379598
0,250,company,ICUI,2,7,7,0.4380813784718541,0.007817463648916334,0.24813767573292456,83809.70033625697
0,250,company,PFE,1,7,6,0.414329619857602,0.007360428395783547,0.21852654830328702,78740.62813326769
0,250,company,PFE,2,7,6,0.40344139196119994,0.0071623130281572855,0.21162460711795777,76549.95085354362
0,250,company,TEVA,1,4,3,0.42412174654036744,0.0060259212979540955,0.26546837769695975,64061.64847581767
0,250,company,TEVA,2,4,3,0.41737306033398225,0.005928504717860772,0.25923321680367495,62997.20907226328
0,250,entry_year,2014,1,7,6,0.41210761877829843,0.007153472002541905,0.21244744565573503,76452.28420061617
0,250,entry_year,2014,2,7,6,0.4011337457555031,0.00695845115534377,0.20563743797004402,74299.92671986684
0,250,entry_year,2016,1,7,6,0.414329619857602,0.007360428395783547,0.21852654830328702,78740.62813326769
0,250,entry_year,2016,2,7,6,0.40344139196119994,0.0071623130281572855,0.21162460711795777,76549.95085354362
0,250,entry_year,2021,1,5,5,0.5517259633651159,0.00947056024910009,0.43914804964664506,102324.6964152562
0,250,entry_year,2021,2,5,5,0.5415966241126894,0.00929370461460266,0.431202769739946,100330.3234005792
0,250,entry_year,2022,1,7,6,0.038190278264634614,0.0003643388783016732,0.001933617727717607,3771.9935260995226
0,250,entry_year,2022,2,7,6,0.021186103267609075,0.0001743307757828827,-0.004558195270247859,1803.242841395877
0,250,entry_year,2023,1,6,5,0.34981818229599126,0.005454649578525261,0.1576332911860795,57833.25203562516
0,250,entry_year,2023,2,6,5,0.33921516627113224,0.005285353617189292,0.1510270885849733,55993.807253109
