vintage,entry_delay_sessions,hold_days,cost_multiplier,events,lots,tickers,unique_exposures,annualized_return,annualized_volatility,sharpe,max_drawdown,turnover,total_net_pnl,average_net_lot_return,median_net_lot_return,winning_lots,winner_mean_daily,winner_p,paired_mean_daily,paired_p,winner_p_adjusted,paired_p_adjusted,statistical_gate
original,0,1,1.0,7,8,5,8,0.00012750538235395403,0.0006924784719912646,0.18471219026086225,-0.001510095414764212,0.1283898906154784,1318.6020206001426,0.0046162570545571595,0.0021109044036107007,5,5.07576251071435e-07,0.5429647737716146,1.3145449775179446e-06,0.11398220678588676,1.0,1.0,False
original,0,1,2.0,7,8,5,8,4.695171470037174e-05,0.0006842052607746309,0.06905523423172417,-0.0017987635581452333,0.12838724239700336,485.37049118296704,0.0022574689889971553,-0.0003097748235605153,4,1.8749188311654792e-07,0.8182730510277595,1.2595256239720513e-06,0.12745000271144366,1.0,1.0,False
original,0,5,1.0,7,8,5,8,0.00029021281101115903,0.0017450007964861878,0.16738338800348518,-0.005252576348940052,0.12895039498274619,3003.5280553008197,0.0050474636094599845,-0.002991376599072509,4,1.1590640689866597e-06,0.6534674368608752,1.8715011681784404e-06,0.4740629510512495,1.0,1.0,False
original,0,5,2.0,7,8,5,8,0.00020662004013893842,0.001763427846898225,0.11819672085052056,-0.005614181664809426,0.12894754676598186,2137.558759595091,0.0026060788192312223,-0.005468876198874236,3,8.271086863486669e-07,0.7453845123562232,1.8130844842175228e-06,0.48825625400306893,1.0,1.0,False
original,0,20,1.0,7,8,5,8,-0.0005760092508051429,0.0029629983226857077,-0.19323863082954632,-0.011609018449507569,0.12877374581828618,-5937.297761850938,-0.015286608103569925,0.0065182936672849336,5,-2.272086265976303e-06,0.5000675733327116,1.6917515012221376e-06,0.6260085603312937,1.0,1.0,False
original,0,20,2.0,7,8,5,8,-0.0006683005127494646,0.002962241315005266,-0.22450612725109553,-0.011769814419030245,0.12877059147639952,-6885.637907800323,-0.01797646289078123,0.0036529025942909138,5,-2.6390528794247008e-06,0.4393769416395821,1.6233199326549128e-06,0.6398593391225496,1.0,1.0,False
original,0,40,1.0,7,8,5,8,4.975748102542532e-05,0.005630838568134101,0.011666406138942431,-0.023871932648177996,0.1294137154651526,514.3822641027882,-0.0016444849389752967,-0.007592982414653936,3,2.606811493598162e-07,0.964849161798751,6.274200439889251e-06,0.38770370232733325,1.0,1.0,False
original,0,40,2.0,7,8,5,8,-5.5837409047132525e-05,0.005631274006440133,-0.007110968187526339,-0.024050203599881192,0.12941118746272384,-576.9508283687505,-0.0046981844053865865,-0.01046577544126145,3,-1.5890400918666394e-07,0.9786537400154082,6.187097962048547e-06,0.3941018194062341,1.0,1.0,False
original,0,60,1.0,7,8,5,8,-0.003547426227320405,0.007099204683582751,-0.4977026043240883,-0.047613833497497815,0.12625274838558725,-36062.873130308864,-0.08695905168269644,-0.03357046214681307,2,-1.4021002617654367e-05,0.26926730472639365,-8.230200252442454e-06,0.5055720819697557,1.0,1.0,False
original,0,60,2.0,7,8,5,8,-0.003662371690555055,0.007100719715160615,-0.5138630509391637,-0.047972244459877245,0.12625058546757942,-37211.4942863413,-0.09027302079202275,-0.03708510685674891,2,-1.4479355145620252e-05,0.25637602660727776,-8.320583301877192e-06,0.5011168909617065,1.0,1.0,False
original,0,120,1.0,7,8,5,8,0.001195433347971564,0.009864532602252864,0.12620646392152068,-0.04341261979804645,0.1299862501621274,12424.436789994355,0.03409193953540623,0.0031688865396550404,4,4.940348325273376e-06,0.6629794823969051,1.7733620816070082e-06,0.874074479211166,1.0,1.0,False
original,0,120,2.0,7,8,5,8,0.0010423694114849447,0.009861264792982985,0.11071962639261922,-0.043562572108697295,0.1299769747484668,10825.860098926849,0.02956754521760528,-0.0008527235590819245,4,4.3326807684038295e-06,0.7012840714357955,1.6570704942470648e-06,0.8823632542649182,1.0,1.0,False
original,0,250,1.0,7,8,5,8,0.007098995736768643,0.018073692549248486,0.4009435806995127,-0.058124664317006136,0.13845784874808628,75850.66242647555,0.1781934098444638,0.001331948092112567,4,2.8756075425229346e-05,0.3621783780337716,3.0081244225625175e-05,0.3758597623605159,1.0,1.0,False
original,0,250,2.0,7,8,5,8,0.006864877276232306,0.01807214107074961,0.3880939120573212,-0.0593656556391704,0.1384399499275706,73268.57454241696,0.17124585543963583,-0.0063439751073080565,4,2.7832094949996034e-05,0.3751461106863274,2.9902931707925986e-05,0.3786166404759092,1.0,1.0,False
original,5,1,1.0,7,8,5,8,-0.00014629765058460364,0.000408369720253893,-0.35855448684498364,-0.001650763990171722,0.12776204795071,-1511.0106822682058,-0.0023728657587310928,-0.0029204760577033004,3,-5.810428392407307e-07,0.25498029492812135,7.576501030137534e-07,0.4470345655793391,1.0,1.0,False
original,5,1,2.0,7,8,5,8,-0.0002266017949994481,0.0004345865372719741,-0.5219660524080779,-0.0023395415724837276,0.12775939104567394,-2339.5415724836735,-0.004725513517387849,-0.005325060007760807,3,-9.001564257521757e-07,0.11275439292925636,7.037143484096075e-07,0.4813899836933919,1.0,1.0,False
original,5,5,1.0,7,8,5,8,-0.0001784143112630865,0.0011814408092151165,-0.15064135711850218,-0.004111201444546242,0.128544851974231,-1842.446028037895,-0.003639098039640352,-0.016445421500302822,3,-7.062454240291529e-07,0.4889787486503514,1.6054152519427886e-06,0.04167149748439578,1.0,1.0,False
original,5,5,2.0,7,8,5,8,-0.0002613774133501945,0.001182348268930811,-0.22080316655126098,-0.004481783398622152,0.12854210601550056,-2698.14320687939,-0.006065935706910218,-0.018809564833894087,3,-1.0359771497870034e-06,0.33291292461372024,1.5479413694151036e-06,0.04468535823571429,1.0,1.0,False
original,5,20,1.0,7,8,5,8,0.0001495269559084189,0.0030874886749138655,0.05003479351278141,-0.009073548530329045,0.12945047009021413,1546.4979817497233,0.007180458295502857,0.01916065869614262,4,6.130232473109789e-07,0.8041879075519696,5.127777696604435e-06,0.052828127699027345,1.0,1.0,False
original,5,20,2.0,7,8,5,8,5.6743549804449955e-05,0.003081230773322944,0.019980099681241672,-0.009281012233131714,0.12944711958466662,586.6218880675679,0.004476727321712063,0.016626201524661793,4,2.4429880155516586e-07,0.9209697253423222,5.0571154285251374e-06,0.055119122879179104,1.0,1.0,False
original,5,40,1.0,7,8,5,8,-0.001260279245537843,0.005774507706769532,-0.21579161604126926,-0.031145893853285145,0.12728618270544323,-12949.117457177144,-0.030909003323709997,0.01669498438467257,5,-4.944802975740322e-06,0.5328748178959565,7.219939624003983e-07,0.9262238157932146,1.0,1.0,False
original,5,40,2.0,7,8,5,8,-0.0013637462310295279,0.005779935279679318,-0.23353227092851922,-0.03144503456589909,0.1272839173904764,-14005.462376123694,-0.03390419694887252,0.013635727105617172,4,-5.356354808267368e-06,0.5024056986197857,6.420710131034167e-07,0.9343551193728344,1.0,1.0,False
original,5,60,1.0,7,8,5,8,-0.0041205967127971865,0.006751142538154896,-0.6090603603293392,-0.053900332475659396,0.12593604903890374,-41778.144844733775,-0.10082046116289893,-0.05111477236985994,2,-1.6316878202076795e-05,0.19466096290146853,-1.0591291901798142e-05,0.38147308726891654,1.0,1.0,False
original,5,60,2.0,7,8,5,8,-0.004234669345245856,0.00675666075895568,-0.6255338710992696,-0.05453489603720307,0.12593381276267934,-42911.94191158968,-0.10410957613173032,-0.054581650856593084,2,-1.677190539783363e-05,0.1849917358845222,-1.0677054692650307e-05,0.3778324132041254,1.0,1.0,False
original,5,120,1.0,7,8,5,8,0.0012880227823302004,0.009444958563970965,0.1411885285945864,-0.04106760142565613,0.12691799329823783,13392.534957360784,0.04268619554731078,0.03214612454246625,5,5.291745247158324e-06,0.6459003956734477,9.34772969182747e-07,0.9378070481732698,1.0,1.0,False
original,5,120,2.0,7,8,5,8,0.001138287489857781,0.009441770147202136,0.125371947256689,-0.041582448383606696,0.12690969885397219,11827.34713492151,0.03816180629121187,0.028114201025303844,5,4.697353606765113e-06,0.6824693959283454,8.337936395436256e-07,0.9445737810232937,1.0,1.0,False
original,5,250,1.0,7,8,5,8,0.006406364045952628,0.017621383573178412,0.3716825383461813,-0.0570951914062513,0.1349158998409022,68227.85107987706,0.16138039088711906,-0.004382076376576851,4,2.599031974464548e-05,0.3735925937892446,2.4966087337676965e-05,0.4140048021344749,1.0,1.0,False
original,5,250,2.0,7,8,5,8,0.006176104246834457,0.01762168859132167,0.35867341127649,-0.05805021319267756,0.13490106604599766,65704.5351947197,0.15447502920657422,-0.01227225488577207,3,2.5081076029767266e-05,0.3878640020161733,2.48047560149058e-05,0.41707764316287715,1.0,1.0,False
original,20,1,1.0,7,8,5,8,0.00042277746169605557,0.0009067153021922017,0.46725860968777366,-0.0005875422169119293,0.12743360139371052,4378.201587808178,0.009611942231377364,0.005712407580650234,5,1.6812322677974512e-06,0.1376240345173704,1.6134061478485466e-06,0.14902150647746923,1.0,1.0,False
original,20,1,2.0,7,8,5,8,0.0003420576308446055,0.0008795759052362107,0.3897880015718402,-0.0007561550923483873,0.12743058069321717,3540.947791481102,0.007253580384551625,0.0033565194657868575,5,1.3605084695744637e-06,0.19913487135163882,1.558928841441725e-06,0.16172508390166135,1.0,1.0,False
original,20,5,1.0,7,8,5,8,0.001056275432696152,0.0019746137040334154,0.5363553792779485,-0.0021946155776620957,0.12833985246958446,10970.998275912327,0.028427098121326048,0.009317649374324296,6,4.2027566752153855e-06,0.27811951428635867,5.5300857874140085e-06,0.17037017587766565,1.0,1.0,False
original,20,5,2.0,7,8,5,8,0.000972406245263846,0.001962421751236197,0.4969232148533439,-0.002196215467474283,0.12833637681660579,10095.934831999944,0.025979484359222683,0.0070097631852814556,6,3.869733831438175e-06,0.3097262808057707,5.469359252805459e-06,0.17452983315559478,1.0,1.0,False
original,20,20,1.0,7,8,5,8,0.0005244103284449686,0.004780786057132865,0.1122047599883262,-0.017508495534207857,0.12716303238796217,5433.269857616436,0.010795741974123151,0.017039190747841604,5,2.128678381333847e-06,0.5555768567717657,4.4987290464785435e-06,0.40313411491166457,1.0,1.0,False
original,20,20,2.0,7,8,5,8,0.00043231731591708566,0.004782723392926663,0.09288905472994342,-0.01778450947481025,0.12715940687094485,4477.1939089705465,0.008123154114780798,0.014542143043834825,5,1.7629470436656554e-06,0.6251267765759331,4.4299463724107566e-06,0.41009469803774606,1.0,1.0,False
original,20,40,1.0,7,8,5,8,-0.0030012350434087676,0.006256233210747617,-0.477955974393481,-0.04243105950589998,0.12377704808433432,-30587.989185897553,-0.07317475959732025,-0.06766125083197952,2,-1.1865889048713228e-05,0.22310123551945374,-9.935134821223584e-06,0.34831600984875993,1.0,1.0,False
original,20,40,2.0,7,8,5,8,-0.003101863185158371,0.0062588258399552356,-0.49390401165119946,-0.04274469131041947,0.12377478731695084,-31598.76622192737,-0.0760909184837382,-0.0703916274284023,2,-1.2266901549920946e-05,0.21111905565074593,-1.0004775331572383e-05,0.34511976452018134,1.0,1.0,False
original,20,60,1.0,7,8,5,8,-0.0016574171921167613,0.0075977823496053,-0.21482189335860652,-0.03820243391269218,0.12651354125383704,-16998.13261980511,-0.04259219962277458,-0.051403437702395714,3,-6.476865038368304e-06,0.4086138332846338,-6.283456157169517e-06,0.5029535090512955,1.0,1.0,False
original,20,60,2.0,7,8,5,8,-0.0017718715931985818,0.007596444246788434,-0.22997408183531134,-0.03856687677698922,0.12651033351203583,-18162.262899627167,-0.04588481698470534,-0.054731607119197556,3,-6.9324813129694615e-06,0.3797615307997242,-6.369135846333054e-06,0.49734625339413413,1.0,1.0,False
original,20,120,1.0,7,8,5,8,0.0015895315544856015,0.010727685160155646,0.1536130685723329,-0.043406133468387065,0.12291246926985493,16550.85301225793,0.04822888190596476,0.026634134303579506,5,6.539335857656295e-06,0.6044590399736829,1.4004094288961076e-08,0.9990570921495892,1.0,1.0,False
original,20,120,2.0,7,8,5,8,0.0014442914039058952,0.010730485079133004,0.14004266657080233,-0.04387483365969336,0.12290374634298015,15028.347700799266,0.043766941066271645,0.021415246607922052,5,5.963197397142829e-06,0.6347255179856189,-7.074824814422146e-08,0.9952419001558858,1.0,1.0,False
original,20,250,1.0,7,8,5,8,0.006396425228625935,0.017765325559975752,0.3682572395991408,-0.05771272777900338,0.1298257835591996,68118.8246118662,0.16792418193618866,0.05543728264174578,4,2.5961149806733056e-05,0.39141599739257943,2.34521611410109e-05,0.44211566752874304,1.0,1.0,False
original,20,250,2.0,7,8,5,8,0.006176253422936817,0.01776638520124765,0.35590422053257215,-0.058605627906123,0.12981015407251556,65706.16820568946,0.1612098375882862,0.04807786349380093,4,2.5091791574331226e-05,0.40498465746974904,2.332214116703361e-05,0.44485572858085315,1.0,1.0,False
refreshed,0,1,1.0,7,8,5,8,-0.00010299675310432299,0.0004435832368087617,-0.23229677010372635,-0.001510095414764212,0.12809033734690484,-1063.9996492877845,-0.001342779380467719,-0.0018707162182514195,4,-4.089006078683798e-07,0.46137107478503825,7.127460227886385e-07,0.2192120397296487,1.0,1.0,False
refreshed,0,1,2.0,7,8,5,8,-0.0001833075808397311,0.00046201741657756515,-0.3970965050516129,-0.0019735706085177718,0.12808777468095475,-1892.9345365772851,-0.003695054203178809,-0.004145739118001119,3,-7.280377039520883e-07,0.21737634087788266,6.583510208457573e-07,0.2503622944966599,1.0,1.0,False
refreshed,0,5,1.0,7,8,5,8,0.0007963700677349195,0.0026458671047633058,0.3025928683792432,-0.005252576348940052,0.1292285739139277,8261.45601592863,0.018187780771814852,-0.002991376599072509,4,3.177065541986557e-06,0.40703443241893333,3.25958630117594e-06,0.35849306362865924,1.0,1.0,False
refreshed,0,5,2.0,7,8,5,8,0.0007123539301721049,0.002660421189313942,0.26935305544377497,-0.005614181664809426,0.129225698168672,7386.982390629801,0.015734832501359357,-0.005468876198874236,3,2.8436213337661586e-06,0.45272281222721633,3.200089889897771e-06,0.3673461623784854,1.0,1.0,False
refreshed,0,20,1.0,7,8,5,8,7.897358300090751e-05,0.003588149775653277,0.023829514465965648,-0.011908264934643809,0.12891453782950968,816.5234667151708,0.0017352502358330898,0.0065182936672849336,5,3.393010594642105e-07,0.9427045397168465,4.44127353801749e-06,0.4090674145507587,1.0,1.0,False
refreshed,0,20,2.0,7,8,5,8,-1.3687775436310723e-05,0.0035875308788956345,-0.002029800877304002,-0.012183352888334165,0.12891139462441079,-141.45941436710655,-0.0009650404704614583,0.0036529025942909138,5,-2.889671954499022e-08,0.995127486447522,4.370694448937614e-06,0.4162654937140171,1.0,1.0,False
refreshed,0,40,1.0,7,8,5,8,0.0006802794049753924,0.006006765593402934,0.11637125630126283,-0.023871932648177996,0.12965681042318036,7053.318608672963,0.01481209159604153,-0.007592982414653936,3,2.7738684857599196e-06,0.696538745273208,8.975079532073167e-06,0.315428175178011,1.0,1.0,False
refreshed,0,40,2.0,7,8,5,8,0.0005743123717352194,0.006007591610586469,0.09870441833094858,-0.024050203599881192,0.12965423121708683,5951.677901257608,0.011747775986104752,-0.01046577544126145,3,2.3530787122731108e-06,0.7410567735617565,8.885952419385702e-06,0.3200124505694176,1.0,1.0,False
refreshed,0,60,1.0,7,8,5,8,-0.0032018046635615693,0.007453567519772549,-0.4271064779529504,-0.04473335548545565,0.12651893900395825,-32601.703635711627,-0.07799729606818243,-0.03308627755773089,3,-1.263280544267683e-05,0.34091166116354504,-6.811427463131047e-06,0.6060869557432762,1.0,1.0,False
refreshed,0,60,2.0,7,8,5,8,-0.00331697571933276,0.007455850330738991,-0.44249175552448633,-0.04497983956844698,0.12651667145341375,-33756.310000659534,-0.08131758465929534,-0.03647999336625706,3,-1.309187421339888e-05,0.32584015273334493,-6.902746049107307e-06,0.6014319964908366,1.0,1.0,False
refreshed,0,120,1.0,7,8,5,8,0.0015061060696084372,0.010244897916391845,0.15221579024360535,-0.04341261979804645,0.12952023475775512,15676.07882056289,0.04587597729060473,0.0031688865396550404,4,6.188235048843852e-06,0.6183385703605374,2.6509716989263052e-06,0.8259932567800319,1.0,1.0,False
refreshed,0,120,2.0,7,8,5,8,0.001353669960436843,0.01024382461475302,0.1373509706611366,-0.043562572108697295,0.12951116552592193,14079.436327801744,0.041357796630174914,-0.0008527235590819245,4,5.583330373487184e-06,0.6517672538928883,2.5364954634480376e-06,0.8335030348579997,1.0,1.0,False
refreshed,0,250,1.0,7,8,5,8,0.007445939854368033,0.01831408851520229,0.4147506685030212,-0.058124664317006136,0.13790092746698965,79687.42165885936,0.19340494008085773,-0.0006490229760236586,4,3.0141985931363672e-05,0.3602715945206257,3.135122034496548e-05,0.37437097176627515,1.0,1.0,False
refreshed,0,250,2.0,7,8,5,8,0.00721346045374438,0.018315125581981805,0.40210991641535954,-0.0593656556391704,0.13788362447110214,77115.13266639339,0.1864840151784508,-0.00828340338492006,4,2.9224974670267913e-05,0.372549089519875,3.117749557038703e-05,0.3769788222425974,1.0,1.0,False
refreshed,5,1,1.0,7,8,5,8,-3.580151542470489e-05,0.0004923387594283382,-0.07257080401682889,-0.001650763990171722,0.12787318073382564,-369.9606786333909,0.0004832504258724204,0.0012910810201893009,4,-1.417834111919151e-07,0.814119786301211,1.0644399097121637e-06,0.3821814633368519,1.0,1.0,False
refreshed,5,1,2.0,7,8,5,8,-0.00011619954132291443,0.0005012810754797886,-0.23188150643867542,-0.0020642741721316193,0.12787050841663056,-1200.3160214986792,-0.0018719332294463565,-0.001160926714189125,4,-4.612611544898917e-07,0.4613097982381652,1.010177448195352e-06,0.40779354668656204,1.0,1.0,False
refreshed,5,5,1.0,7,8,5,8,-0.00012258409252652314,0.0012185124275693477,-0.10013463044057216,-0.003425507521268245,0.12871733310595093,-1266.2293169911757,-0.0021971335924195323,-0.010771005072575088,3,-4.84187665166274e-07,0.6227548998104984,2.7010309231299998e-06,0.07018560951719682,1.0,1.0,False
refreshed,5,5,2.0,7,8,5,8,-0.00020565240464143208,0.0012249429433019985,-0.1675193495484809,-0.0038558052000771115,0.12871454749944486,-2123.457985318537,-0.0046267433988486945,-0.013139347179551536,3,-8.142922424442563e-07,0.42799921752679293,2.642542272584739e-06,0.0746274483928274,1.0,1.0,False
refreshed,5,20,1.0,7,8,5,8,0.000284738175494903,0.0031001991481989706,0.093505587232133,-0.00863993169007038,0.1296129532998933,2946.793547915865,0.010669679553544526,0.01916065869614262,4,1.1503410392416802e-06,0.631206077083242,5.991838499136087e-06,0.053421847952369636,1.0,1.0,False
refreshed,5,20,2.0,7,8,5,8,0.00019182697685549144,0.0030953216479673432,0.06359796174270602,-0.008657740403075764,0.1296095635051993,1984.3821404904375,0.007962506153421298,0.016626201524661793,4,7.811751894793522e-07,0.7425512327642255,5.920349651313651e-06,0.0555244147540932,1.0,1.0,False
refreshed,5,40,1.0,7,8,5,8,-0.0010315640621272326,0.005733033653944798,-0.17740052005467255,-0.03042813140766376,0.12739165404007208,-10610.424436468606,-0.024985237480065276,0.03757019466034579,5,-4.035885522622011e-06,0.6123774101060894,2.17345599851661e-06,0.7915718365324392,1.0,1.0,False
refreshed,5,40,2.0,7,8,5,8,-0.0011351635242690117,0.005740770367061602,-0.1952438877296184,-0.030728603033950197,0.12738936898081393,-11670.384681550371,-0.027984138303747377,0.034373244994208386,5,-4.4478187501114895e-06,0.5791112925630968,2.092248442321944e-06,0.7991357237547402,1.0,1.0,False
refreshed,5,60,1.0,7,8,5,8,-0.0040308052151298845,0.006756639010191951,-0.5951978187990414,-0.053233555438242264,0.12574270378637126,-40884.83103050753,-0.09849790333112501,-0.041824541042764264,2,-1.5958479370153824e-05,0.20477636349499215,-9.969538306676428e-06,0.41648130330881233,1.0,1.0,False
refreshed,5,60,2.0,7,8,5,8,-0.0041447597687850335,0.006761680530600965,-0.6116937648047754,-0.05386953594305788,0.12574057441876943,-42018.40885896542,-0.10178407710964767,-0.045279654768262484,2,-1.6413007222898637e-05,0.1946759906265602,-1.0055929386395848e-05,0.41265017332719583,1.0,1.0,False
refreshed,5,120,1.0,7,8,5,8,0.001205254631425623,0.009442148942988048,0.13246094740008477,-0.04106760142565613,0.1269557261243235,12527.086711475551,0.03914880205636449,0.03214612454246625,5,4.96315870825756e-06,0.6678898111270363,8.548892061712761e-07,0.9440841965622697,1.0,1.0,False
refreshed,5,120,2.0,7,8,5,8,0.001055641091730175,0.009440350024047776,0.11663252653164678,-0.041582448383606696,0.1269475433952218,10964.3772023883,0.03462964883031669,0.028114201025303844,5,4.369253470824545e-06,0.7047705443840295,7.538808111174204e-07,0.9507297092863384,1.0,1.0,False
refreshed,5,250,1.0,7,8,5,8,0.006431426211622959,0.01761545642756287,0.37321731270254394,-0.0570951914062513,0.134693368135361,68502.82172481554,0.1633346236836348,-0.003912766572288577,4,2.6088862340967322e-05,0.3737119410277571,2.5575293051629043e-05,0.409432809060515,1.0,1.0,False
refreshed,5,250,2.0,7,8,5,8,0.006201450025370869,0.01761287527612776,0.36027628231094816,-0.05805021319267756,0.13467950808109663,65982.02449837896,0.15642410229199116,-0.011814180205446787,3,2.5180560417816353e-05,0.38790975236234637,2.5413467959134864e-05,0.4124480577239828,1.0,1.0,False
refreshed,20,1,1.0,7,8,5,8,0.00036133755257838907,0.0009036601435565297,0.4007798615940975,-0.0005875422169119293,0.1276736992913881,3740.8684334772042,0.008025070470974355,0.0013161271583360115,4,1.4371777272328898e-06,0.20787630982180982,7.5486040745457e-07,0.4686415733187728,1.0,1.0,False
refreshed,20,1,2.0,7,8,5,8,0.0002805640364138551,0.0008805800784629145,0.319438696044232,-0.0007561550923483873,0.1276706055458285,2903.5382368701826,0.00566538150182495,-0.0010894999864162825,4,1.116235523915559e-06,0.3002179726662456,7.010171033906632e-07,0.498929982618116,1.0,1.0,False
refreshed,20,5,1.0,7,8,5,8,0.001053587417191526,0.0019759414864370653,0.5346355100677379,-0.0021946155776620957,0.1287360863667545,10942.941790796522,0.028357807934198728,0.009317649374324296,6,4.192097160576526e-06,0.2793737286910134,5.023543608632158e-06,0.20734102496799622,1.0,1.0,False
refreshed,20,5,2.0,7,8,5,8,0.000969530838473176,0.0019658893110531296,0.49458696833420074,-0.002196215467474283,0.1287324899415241,10065.94591929636,0.0259053664428119,0.0070097631852814556,6,3.858346168390389e-06,0.3112150761724111,4.963038690716268e-06,0.212227728574864,1.0,1.0,False
refreshed,20,20,1.0,7,8,5,8,0.0004894264446504426,0.004765545459378895,0.10520111166526064,-0.01818203246731087,0.1273831741027186,5069.983209239995,0.009888304597719253,0.017039190747841604,5,1.98944714292855e-06,0.5763553037159244,4.470254173549717e-06,0.4033030145200499,1.0,1.0,False
refreshed,20,20,2.0,7,8,5,8,0.00039721447181140235,0.004767957912861544,0.08579277298478998,-0.018459409111124647,0.1273794808274181,4112.985240597783,0.007212670892925309,0.014542143043834825,5,1.623239408012552e-06,0.6482826448008755,4.401206546608242e-06,0.4103071220953208,1.0,1.0,False
refreshed,20,40,1.0,7,8,5,8,-0.003203239530414237,0.006252293029655034,-0.5107139514363125,-0.043044765168283816,0.12409215606377673,-32616.096044686892,-0.0783841400421007,-0.07534229621073975,2,-1.2671163804416018e-05,0.19801964207017933,-1.0816466839051865e-05,0.30396738183573424,1.0,1.0,False
refreshed,20,40,2.0,7,8,5,8,-0.0033040360371066058,0.0062557219760993946,-0.5266175152266578,-0.043360599754924234,0.12408977446137301,-33626.649925197846,-0.08130442460372822,-0.07829340085168901,2,-1.3072907789691513e-05,0.1873570862105028,-1.0885798707471826e-05,0.3010494653302831,1.0,1.0,False
refreshed,20,60,1.0,7,8,5,8,-0.0018485278755453471,0.007596833814314208,-0.24008436440265,-0.03881884970001925,0.12662400949124794,-18941.247257059076,-0.04752686501450046,-0.07114209926929918,3,-7.237623086437242e-06,0.35782614562127074,-6.988250205830669e-06,0.4511982197096354,1.0,1.0,False
refreshed,20,60,2.0,7,8,5,8,-0.001963024129311264,0.007596434673183712,-0.2552188169505532,-0.03918547327266175,0.12662076122817204,-20103.723414404994,-0.05082031330789273,-0.07447359241194709,3,-7.693464564809962e-06,0.3318295270248687,-7.073935403055424e-06,0.4458755233243353,1.0,1.0,False
refreshed,20,120,1.0,7,8,5,8,0.0016052777359303327,0.010732437853755775,0.15501660165770684,-0.043406133468387065,0.12314266720598502,16716.038992480608,0.048672857928905425,0.026490382531517517,5,6.602008109491082e-06,0.5989164917754045,-4.424135407592437e-07,0.9696579507330473,1.0,1.0,False
refreshed,20,120,2.0,7,8,5,8,0.0014596927177339403,0.010735046131585208,0.14142226594434815,-0.04387483365969336,0.12313390661498436,15189.696989041906,0.04420143380504764,0.02127183932104353,5,6.024502178356704e-06,0.629278067667008,-5.278293162872927e-07,0.9638438780633434,1.0,1.0,False
refreshed,20,250,1.0,7,8,5,8,0.006343930175169987,0.01776641455571557,0.3652957008826646,-0.05771272777900338,0.12998184999133122,67543.1330542917,0.16533983880306322,0.05543728264174578,4,2.5753947846436886e-05,0.39286141895030313,2.325329404132269e-05,0.44312197848181323,1.0,1.0,False
refreshed,20,250,2.0,7,8,5,8,0.006123418687198567,0.01776654359062188,0.3529415019142392,-0.058605627906123,0.1299662017128079,65127.93471391602,0.15860491064047766,0.04807786349380093,4,2.488313721705906e-05,0.4065510730057355,2.312333179760798e-05,0.4458834736951879,1.0,1.0,False
