table,year,captures,first,last,max_gap_days,gap_start,gap_end,gap_days
year,2014,9,2014-06-22,2014-12-29,74,,,
year,2015,47,2015-01-06,2015-12-28,50,,,
year,2016,89,2016-01-03,2016-12-24,35,,,
year,2017,139,2017-01-04,2017-12-16,24,,,
year,2018,64,2018-01-09,2018-12-04,68,,,
year,2019,25,2019-01-08,2019-12-19,117,,,
year,2020,182,2020-01-17,2020-12-31,29,,,
year,2021,70,2021-01-05,2021-12-31,24,,,
year,2022,133,2022-01-12,2022-12-28,16,,,
year,2023,256,2023-01-05,2023-12-29,8,,,
year,2024,177,2024-01-03,2024-09-06,364,,,
year,2025,44,2025-09-05,2025-12-30,364,,,
year,2026,228,2026-01-06,2026-10-01,10,,,
top_gap,,,,,,2024-09-06,2025-09-05,364
top_gap,,,,,,2019-01-08,2019-05-05,117
top_gap,,,,,,2014-08-14,2014-10-27,74
top_gap,,,,,,2018-09-27,2018-12-04,68
top_gap,,,,,,2015-05-02,2015-06-21,50
