ticker,cik,filing_date,accepted,items,accession
AMPH,1297184,2014-08-12,2014-08-12T20:02:13.000Z,"2.02,9.01",0001171843-14-003915
AMPH,1297184,2014-11-12,2014-11-12T21:13:11.000Z,"2.02,9.01",0001171843-14-005466
AMPH,1297184,2015-03-24,2015-03-24T20:05:16.000Z,"2.02,9.01",0001171843-15-001600
AMPH,1297184,2015-05-13,2015-05-13T10:02:17.000Z,"2.02,9.01",0001171843-15-002788
AMPH,1297184,2015-08-12,2015-08-12T20:05:16.000Z,"2.02,9.01",0001171843-15-004597
AMPH,1297184,2015-11-12,2015-11-12T21:12:15.000Z,"2.02,9.01",0001558370-15-002630
AMPH,1297184,2016-03-14,2016-03-14T20:11:27.000Z,"2.02,9.01",0001558370-16-004110
AMPH,1297184,2016-05-09,2016-05-09T20:18:27.000Z,"2.02,9.01",0001297184-16-000007
AMPH,1297184,2016-08-08,2016-08-08T20:24:56.000Z,"2.02,9.01",0001297184-16-000018
AMPH,1297184,2016-11-08,2016-11-08T21:22:30.000Z,"2.02,9.01",0001297184-16-000024
AMPH,1297184,2017-03-13,2017-03-13T20:35:59.000Z,"2.02,9.01",0001297184-17-000003
AMPH,1297184,2017-05-08,2017-05-08T20:25:51.000Z,"2.02,9.01",0001297184-17-000017
AMPH,1297184,2017-08-09,2017-08-09T20:18:28.000Z,"2.02,9.01",0001297184-17-000026
AMPH,1297184,2017-11-08,2017-11-08T21:24:11.000Z,"2.02,9.01",0001297184-17-000033
AMPH,1297184,2018-03-12,2018-03-12T20:24:32.000Z,"2.02,9.01",0001297184-18-000007
AMPH,1297184,2018-05-09,2018-05-09T20:57:52.000Z,"2.02,9.01",0001297184-18-000027
AMPH,1297184,2018-08-08,2018-08-08T20:24:35.000Z,"2.02,9.01",0001297184-18-000041
AMPH,1297184,2018-11-08,2018-11-08T21:30:32.000Z,"2.02,9.01",0001297184-18-000046
AMPH,1297184,2019-03-12,2019-03-12T20:20:34.000Z,"2.02,9.01",0001297184-19-000003
AMPH,1297184,2019-05-09,2019-05-09T20:22:10.000Z,"2.02,9.01",0001297184-19-000024
AMPH,1297184,2019-08-07,2019-08-07T20:18:47.000Z,"2.02,9.01",0001297184-19-000033
AMPH,1297184,2019-11-07,2019-11-07T21:20:09.000Z,"2.02,9.01",0001297184-19-000041
AMPH,1297184,2020-03-12,2020-03-12T20:18:48.000Z,"2.02,9.01",0001297184-20-000003
AMPH,1297184,2020-05-07,2020-05-07T20:20:55.000Z,"2.02,9.01",0001297184-20-000023
AMPH,1297184,2020-08-06,2020-08-06T20:11:43.000Z,"2.02,9.01",0001297184-20-000035
AMPH,1297184,2020-11-06,2020-11-06T12:00:41.000Z,"2.02,9.01",0001558370-20-013013
AMPH,1297184,2021-03-15,2021-03-15T20:14:02.000Z,"2.02,9.01",0001297184-21-000006
AMPH,1297184,2021-05-06,2021-05-06T20:19:27.000Z,"2.02,9.01",0001297184-21-000022
AMPH,1297184,2021-08-09,2021-08-09T20:25:47.000Z,"2.02,9.01",0001297184-21-000046
AMPH,1297184,2021-11-08,2021-11-08T21:32:41.000Z,"2.02,9.01",0001297184-21-000062
AMPH,1297184,2022-03-10,2022-03-10T21:17:57.000Z,"2.02,9.01",0001297184-22-000003
AMPH,1297184,2022-05-09,2022-05-09T20:22:57.000Z,"2.02,9.01",0001297184-22-000026
AMPH,1297184,2022-08-08,2022-08-08T20:23:39.000Z,"2.02,9.01",0001297184-22-000041
AMPH,1297184,2022-11-07,2022-11-07T21:20:10.000Z,"2.02,9.01",0001297184-22-000053
AMPH,1297184,2023-02-28,2023-02-28T21:21:10.000Z,"2.02,9.01",0001297184-23-000012
AMPH,1297184,2023-05-09,2023-05-09T20:19:22.000Z,"2.02,9.01",0001297184-23-000046
AMPH,1297184,2023-08-08,2023-08-08T20:17:38.000Z,"2.02,9.01",0001297184-23-000063
AMPH,1297184,2023-11-08,2023-11-08T21:14:21.000Z,"2.02,9.01",0001297184-23-000079
AMPH,1297184,2024-02-28,2024-02-28T21:38:00.000Z,"2.02,9.01",0001297184-24-000004
AMPH,1297184,2024-05-08,2024-05-08T20:18:52.000Z,"2.02,9.01",0001297184-24-000033
AMPH,1297184,2024-08-07,2024-08-07T20:22:20.000Z,"2.02,9.01",0001297184-24-000045
AMRX,1723128,2018-05-07,2018-05-07T11:06:07.000Z,"2.02,9.01",0001193125-18-153514
AMRX,1723128,2018-08-09,2018-08-09T11:27:55.000Z,"2.02,7.01,9.01",0001723128-18-000027
AMRX,1723128,2018-11-07,2018-11-07T12:02:57.000Z,"2.02,7.01,9.01",0001723128-18-000035
AMRX,1723128,2019-02-28,2019-02-28T13:02:35.000Z,"2.02,7.01,9.01",0001723128-19-000023
AMRX,1723128,2019-05-09,2019-05-09T10:42:25.000Z,"2.02,7.01,9.01",0001723128-19-000076
AMRX,1723128,2019-08-05,2019-08-05T10:20:20.000Z,"2.02,7.01,9.01",0001723128-19-000107
AMRX,1723128,2019-11-06,2019-11-06T11:54:43.000Z,"2.02,7.01,9.01",0001564590-19-040651
AMRX,1723128,2020-02-26,2020-02-26T11:50:27.000Z,"2.02,7.01,9.01",0001564590-20-006564
AMRX,1723128,2020-05-11,2020-05-11T10:47:22.000Z,"2.02,7.01,9.01",0001564590-20-023833
AMRX,1723128,2020-08-06,2020-08-06T10:09:55.000Z,"2.02,7.01,9.01",0001723128-20-000010
AMRX,1723128,2020-11-06,2020-11-06T11:13:48.000Z,"2.02,7.01,9.01",0001723128-20-000023
AMRX,1723128,2021-01-12,2021-01-12T11:15:02.000Z,"1.01,2.02,7.01,9.01",0001193125-21-006720
AMRX,1723128,2021-02-26,2021-02-26T11:35:02.000Z,"2.02,7.01,9.01",0001723128-21-000008
AMRX,1723128,2021-05-07,2021-05-07T10:17:33.000Z,"2.02,7.01,9.01",0001723128-21-000020
AMRX,1723128,2021-08-09,2021-08-09T10:15:46.000Z,"2.02,7.01,9.01",0001723128-21-000028
AMRX,1723128,2021-11-03,2021-11-03T10:17:00.000Z,"2.02,7.01,9.01",0001723128-21-000035
AMRX,1723128,2022-01-11,2022-01-11T13:00:56.000Z,"2.02,7.01",0001193125-22-006322
AMRX,1723128,2022-03-02,2022-03-02T11:12:26.000Z,"2.02,7.01,9.01",0001723128-22-000008
AMRX,1723128,2022-05-04,2022-05-04T10:11:47.000Z,"2.02,7.01,9.01",0001723128-22-000012
AMRX,1723128,2022-08-05,2022-08-05T10:11:02.000Z,"2.02,7.01,9.01",0001723128-22-000028
AMRX,1723128,2022-11-04,2022-11-04T10:24:47.000Z,"2.02,7.01,9.01",0001723128-22-000037
AMRX,1723128,2023-01-10,2023-01-10T11:05:33.000Z,"2.02,7.01",0001193125-23-005141
AMRX,1723128,2023-03-02,2023-03-02T11:27:40.000Z,"2.02,7.01,9.01",0001723128-23-000006
AMRX,1723128,2023-04-17,2023-04-17T10:43:16.000Z,"2.02,7.01,9.01",0001723128-23-000012
AMRX,1723128,2023-05-05,2023-05-05T10:17:47.000Z,"2.02,7.01,9.01",0001723128-23-000017
AMRX,1723128,2023-08-04,2023-08-04T10:22:12.000Z,"2.02,7.01,9.01",0001723128-23-000027
AMRX,1723128,2023-10-23,2023-10-23T20:16:45.000Z,"2.02,7.01,9.01",0001723128-23-000035
AMRX,1723128,2023-11-07,2023-11-07T11:21:10.000Z,"2.02,7.01,9.01",0001723128-23-000038
AMRX,1723128,2024-01-10,2024-01-10T12:03:53.000Z,"2.02,7.01",0001723128-24-000003
AMRX,1723128,2024-03-01,2024-03-01T11:13:05.000Z,"2.02,7.01,9.01",0001723128-24-000007
AMRX,1723128,2024-05-03,2024-05-03T10:14:36.000Z,"2.02,7.01,9.01",0001723128-24-000018
AMRX,1723128,2024-08-09,2024-08-09T10:14:33.000Z,"2.02,7.01,9.01",0001723128-24-000030
BAX,10456,2013-01-24,2013-01-24T12:05:30.000Z,"2.02,9.01",0001193125-13-021434
BAX,10456,2013-04-18,2013-04-18T11:05:39.000Z,"2.02,9.01",0001193125-13-159859
BAX,10456,2013-07-18,2013-07-18T11:20:24.000Z,"2.02,9.01",0001193125-13-293678
BAX,10456,2013-10-17,2013-10-17T11:04:34.000Z,"2.02,9.01",0001193125-13-401674
BAX,10456,2014-01-23,2014-01-23T12:05:05.000Z,"2.02,9.01",0001193125-14-017961
BAX,10456,2014-04-17,2014-04-17T11:04:33.000Z,"2.02,9.01",0001193125-14-146663
BAX,10456,2014-07-17,2014-07-17T11:15:00.000Z,"1.01,2.02,9.01",0001193125-14-271013
BAX,10456,2014-10-16,2014-10-16T11:08:53.000Z,"2.02,9.01",0001193125-14-373192
BAX,10456,2015-01-29,2015-01-29T12:09:01.000Z,"2.02,9.01",0001193125-15-024457
BAX,10456,2015-04-23,2015-04-23T11:05:00.000Z,"2.02,9.01",0001193125-15-142864
BAX,10456,2015-07-29,2015-07-29T20:17:01.000Z,"2.02,9.01",0001193125-15-268288
BAX,10456,2015-10-27,2015-10-27T10:48:01.000Z,"2.02,9.01",0001193125-15-353956
BAX,10456,2016-02-02,2016-02-02T12:14:35.000Z,"2.02,9.01",0001193125-16-446759
BAX,10456,2016-04-26,2016-04-26T11:10:03.000Z,"2.02,9.01",0001193125-16-555071
BAX,10456,2016-07-26,2016-07-26T11:19:56.000Z,"2.02,9.01",0001193125-16-657254
BAX,10456,2016-10-25,2016-10-25T11:11:02.000Z,"2.02,9.01",0001193125-16-745714
BAX,10456,2017-02-01,2017-02-01T12:21:03.000Z,"2.02,9.01",0001193125-17-026594
BAX,10456,2017-04-26,2017-04-26T11:40:04.000Z,"2.02,9.01",0001193125-17-137953
BAX,10456,2017-07-26,2017-07-26T11:28:58.000Z,"2.02,9.01",0001193125-17-235668
BAX,10456,2017-10-25,2017-10-25T11:23:33.000Z,"2.02,9.01",0001193125-17-318463
BAX,10456,2018-02-01,2018-02-01T12:27:03.000Z,"2.02,9.01",0001193125-18-028283
BAX,10456,2018-04-26,2018-04-26T11:22:59.000Z,"2.02,9.01",0001193125-18-132805
BAX,10456,2018-07-26,2018-07-26T11:32:36.000Z,"2.02,9.01",0001193125-18-226752
BAX,10456,2018-10-31,2018-10-31T11:28:35.000Z,"2.02,9.01",0001193125-18-312933
BAX,10456,2019-01-31,2019-01-31T12:48:34.000Z,"2.02,9.01",0001193125-19-023181
BAX,10456,2019-04-25,2019-04-25T11:24:55.000Z,"2.02,9.01",0001193125-19-117975
BAX,10456,2019-07-25,2019-07-25T11:28:03.000Z,"2.02,9.01",0001193125-19-201842
BAX,10456,2019-10-24,2019-10-24T11:22:20.000Z,"2.02,8.01,9.01",0001193125-19-273068
BAX,10456,2020-01-13,2020-01-13T11:09:49.000Z,"2.02,7.01,9.01",0001193125-20-005772
BAX,10456,2020-02-13,2020-02-13T21:53:50.000Z,"2.02,4.02,7.01",0001193125-20-035710
BAX,10456,2020-03-17,2020-03-17T11:44:22.000Z,"2.02,9.01",0001193125-20-075467
BAX,10456,2020-04-30,2020-04-30T11:19:21.000Z,"2.02,9.01",0001628280-20-005901
BAX,10456,2020-07-30,2020-07-30T11:18:36.000Z,"2.02,9.01",0001628280-20-010907
BAX,10456,2020-10-29,2020-10-29T11:20:21.000Z,"2.02,9.01",0001628280-20-015041
BAX,10456,2021-01-11,2021-01-11T13:00:26.000Z,"2.02,7.01,9.01",0001628280-21-000342
BAX,10456,2021-02-04,2021-02-04T12:18:51.000Z,"2.02,9.01",0001628280-21-001450
BAX,10456,2021-04-29,2021-04-29T11:32:29.000Z,"2.02,9.01",0001628280-21-008032
BAX,10456,2021-07-29,2021-07-29T11:23:06.000Z,"2.02,9.01",0001628280-21-014820
BAX,10456,2021-10-28,2021-10-28T11:18:35.000Z,"2.02,9.01",0001628280-21-020690
BAX,10456,2022-02-17,2022-02-17T12:18:56.000Z,"2.02,9.01",0001628280-22-002932
BAX,10456,2022-04-28,2022-04-28T11:19:48.000Z,"2.02,9.01",0001628280-22-010921
BAX,10456,2022-07-28,2022-07-28T11:19:09.000Z,"2.02,9.01",0001628280-22-019638
BAX,10456,2022-10-27,2022-10-27T11:18:17.000Z,"2.02,9.01",0001628280-22-027148
BAX,10456,2023-02-09,2023-02-09T12:18:50.000Z,"2.02,9.01",0001628280-23-002862
BAX,10456,2023-04-27,2023-04-27T11:18:56.000Z,"2.02,9.01",0001628280-23-013356
BAX,10456,2023-07-27,2023-07-27T11:33:06.000Z,"2.02,9.01",0001628280-23-025823
BAX,10456,2023-11-02,2023-11-02T11:18:14.000Z,"2.02,9.01",0001628280-23-036194
BAX,10456,2024-02-08,2024-02-08T12:18:41.000Z,"2.02,9.01",0001628280-24-003784
BAX,10456,2024-05-02,2024-05-02T11:17:58.000Z,"2.02,9.01",0001628280-24-019783
BAX,10456,2024-08-06,2024-08-06T11:18:23.000Z,"2.02,9.01",0001628280-24-034963
ICUI,883984,2013-04-22,2013-04-22T20:00:31.000Z,"2.02,9.01",0001171843-13-001440
ICUI,883984,2013-07-18,2013-07-18T20:10:20.000Z,"2.02,9.01",0001171843-13-002833
ICUI,883984,2013-10-21,2013-10-21T20:10:26.000Z,"2.02,9.01",0001171843-13-004070
ICUI,883984,2014-02-21,2014-02-21T17:51:02.000Z,"2.02,9.01",0000883984-14-000011
ICUI,883984,2014-05-06,2014-05-06T20:13:16.000Z,"2.02,9.01",0000883984-14-000034
ICUI,883984,2014-08-11,2014-08-11T20:09:15.000Z,"2.02,9.01",0000883984-14-000053
ICUI,883984,2014-11-10,2014-11-10T21:11:20.000Z,"2.02,9.01",0000883984-14-000060
ICUI,883984,2015-02-09,2015-02-09T21:14:53.000Z,"2.02,9.01",0000883984-15-000002
ICUI,883984,2015-05-05,2015-05-05T20:07:59.000Z,"2.02,9.01",0000883984-15-000017
ICUI,883984,2015-08-10,2015-08-10T20:16:08.000Z,"2.02,9.01",0000883984-15-000031
ICUI,883984,2016-02-03,2016-02-03T21:12:54.000Z,"2.02,9.01",0000883984-16-000054
ICUI,883984,2016-05-10,2016-05-10T20:08:13.000Z,"2.02,9.01",0000883984-16-000062
ICUI,883984,2016-08-08,2016-08-08T20:10:43.000Z,"2.02,9.01",0000883984-16-000075
ICUI,883984,2016-11-09,2016-11-09T21:09:27.000Z,"2.02,9.01",0000883984-16-000083
ICUI,883984,2017-03-01,2017-03-01T21:08:45.000Z,"2.02,9.01",0000883984-17-000011
ICUI,883984,2017-05-10,2017-05-10T20:09:06.000Z,"2.02,9.01",0000883984-17-000025
ICUI,883984,2017-08-09,2017-08-09T20:08:17.000Z,"2.02,9.01",0000883984-17-000041
ICUI,883984,2017-11-09,2017-11-09T21:09:35.000Z,"2.02,9.01",0000883984-17-000054
ICUI,883984,2018-03-01,2018-03-01T21:13:16.000Z,"2.02,9.01",0000883984-18-000006
ICUI,883984,2018-05-09,2018-05-09T20:11:00.000Z,"2.02,9.01",0000883984-18-000015
ICUI,883984,2018-08-09,2018-08-09T20:15:32.000Z,"2.02,9.01",0000883984-18-000024
ICUI,883984,2018-11-08,2018-11-08T21:10:46.000Z,"2.02,9.01",0000883984-18-000028
ICUI,883984,2019-02-28,2019-02-28T21:09:13.000Z,"2.02,9.01",0000883984-19-000002
ICUI,883984,2019-05-09,2019-05-09T20:13:05.000Z,"2.02,9.01",0000883984-19-000015
ICUI,883984,2019-08-07,2019-08-07T20:06:32.000Z,"2.02,9.01",0000883984-19-000026
ICUI,883984,2019-11-12,2019-11-12T17:45:42.000Z,"2.02,9.01",0000883984-19-000031
ICUI,883984,2020-02-27,2020-02-27T21:10:08.000Z,"2.02,9.01",0000883984-20-000005
ICUI,883984,2020-05-07,2020-05-07T20:11:21.000Z,"2.02,9.01",0000883984-20-000019
ICUI,883984,2020-08-10,2020-08-10T20:12:41.000Z,"2.02,9.01",0000883984-20-000033
ICUI,883984,2020-11-05,2020-11-05T21:14:52.000Z,"2.02,9.01",0000883984-20-000037
ICUI,883984,2021-02-25,2021-02-25T21:10:20.000Z,"2.02,9.01",0000883984-21-000002
ICUI,883984,2021-05-06,2021-05-06T20:12:47.000Z,"2.02,9.01",0000883984-21-000012
ICUI,883984,2021-08-04,2021-08-04T20:13:17.000Z,"2.02,9.01",0000883984-21-000024
ICUI,883984,2021-11-03,2021-11-03T20:10:30.000Z,"2.02,9.01",0000883984-21-000031
ICUI,883984,2022-02-24,2022-02-24T21:11:30.000Z,"2.02,9.01",0000883984-22-000012
ICUI,883984,2022-05-09,2022-05-09T20:13:31.000Z,"2.02,9.01",0000883984-22-000029
ICUI,883984,2022-08-08,2022-08-08T20:18:35.000Z,"2.02,9.01",0000883984-22-000039
ICUI,883984,2022-11-07,2022-11-07T21:11:32.000Z,"2.02,9.01",0000883984-22-000044
ICUI,883984,2023-02-27,2023-02-27T21:10:43.000Z,"2.02,9.01",0000883984-23-000007
ICUI,883984,2023-05-08,2023-05-08T20:10:17.000Z,"2.02,9.01",0000883984-23-000020
ICUI,883984,2023-08-07,2023-08-07T20:08:43.000Z,"2.02,9.01",0000883984-23-000029
ICUI,883984,2023-11-06,2023-11-06T21:09:18.000Z,"2.02,9.01",0000883984-23-000037
ICUI,883984,2024-02-27,2024-02-27T21:11:11.000Z,"2.02,9.01",0000883984-24-000004
ICUI,883984,2024-05-07,2024-05-07T20:07:57.000Z,"2.02,9.01",0000883984-24-000014
ICUI,883984,2024-08-07,2024-08-07T20:19:01.000Z,"2.02,9.01",0000883984-24-000028
PFE,78003,2013-01-29,2013-01-29T14:01:39.000Z,"2.02,9.01",0001157523-13-000304
PFE,78003,2013-04-30,2013-04-30T13:11:16.000Z,"2.02,9.01",0001157523-13-002129
PFE,78003,2013-07-30,2013-07-30T11:18:21.000Z,"2.02,9.01",0001157523-13-003660
PFE,78003,2013-10-29,2013-10-29T12:48:18.000Z,"2.02,9.01",0001157523-13-005022
PFE,78003,2014-01-28,2014-01-28T13:50:35.000Z,"2.02,9.01",0000078003-14-000007
PFE,78003,2014-05-05,2014-05-05T13:27:32.000Z,"2.02,9.01",0000078003-14-000027
PFE,78003,2014-07-29,2014-07-29T12:37:45.000Z,"2.02,9.01",0000078003-14-000035
PFE,78003,2014-10-28,2014-10-28T13:01:33.000Z,"2.02,9.01",0000078003-14-000043
PFE,78003,2015-01-27,2015-01-27T13:43:23.000Z,"2.02,9.01",0000078003-15-000003
PFE,78003,2015-04-28,2015-04-28T13:00:39.000Z,"2.02,9.01",0000078003-15-000018
PFE,78003,2015-07-28,2015-07-28T12:51:18.000Z,"2.02,9.01",0000078003-15-000031
PFE,78003,2015-10-27,2015-10-27T13:08:46.000Z,"2.02,9.01",0000078003-15-000048
PFE,78003,2016-02-02,2016-02-02T13:52:22.000Z,"2.02,9.01",0000078003-16-000056
PFE,78003,2016-02-16,2016-02-16T12:37:03.000Z,"2.02,9.01",0000078003-16-000072
PFE,78003,2016-05-03,2016-05-03T12:51:58.000Z,"2.02,9.01",0000078003-16-000091
PFE,78003,2016-08-02,2016-08-02T12:55:12.000Z,"2.02,9.01",0000078003-16-000102
PFE,78003,2016-11-01,2016-11-01T12:49:56.000Z,"2.02,9.01",0000078003-16-000110
PFE,78003,2017-01-31,2017-01-31T13:42:40.000Z,"2.02,9.01",0000078003-17-000003
PFE,78003,2017-05-02,2017-05-02T13:29:52.000Z,"2.02,9.01",0000078003-17-000020
PFE,78003,2017-08-01,2017-08-01T12:57:17.000Z,"2.02,9.01",0000078003-17-000034
PFE,78003,2017-10-31,2017-10-31T12:57:11.000Z,"2.02,9.01",0000078003-17-000045
PFE,78003,2018-01-30,2018-01-30T13:50:04.000Z,"2.02,9.01",0000078003-18-000004
PFE,78003,2018-05-01,2018-05-01T12:50:50.000Z,"2.02,9.01",0000078003-18-000039
PFE,78003,2018-07-31,2018-07-31T12:55:24.000Z,"2.02,9.01",0000078003-18-000066
PFE,78003,2018-10-30,2018-10-30T12:38:31.000Z,"2.02,9.01",0000078003-18-000087
PFE,78003,2019-01-29,2019-01-29T13:49:45.000Z,"2.02,9.01",0000078003-19-000004
PFE,78003,2019-04-30,2019-04-30T12:58:02.000Z,"2.02,9.01",0000078003-19-000021
PFE,78003,2019-07-29,2019-07-29T12:41:39.000Z,"2.02,9.01",0000078003-19-000053
PFE,78003,2019-10-29,2019-10-29T12:54:32.000Z,"2.02,9.01",0000078003-19-000079
PFE,78003,2020-01-28,2020-01-28T13:37:48.000Z,"2.02,9.01",0000078003-20-000003
PFE,78003,2020-04-28,2020-04-28T12:26:48.000Z,"2.02,9.01",0000078003-20-000034
PFE,78003,2020-07-28,2020-07-28T12:28:12.000Z,"2.02,9.01",0000078003-20-000056
PFE,78003,2020-10-27,2020-10-27T12:11:48.000Z,"2.02,9.01",0000078003-20-000065
PFE,78003,2021-02-02,2021-02-02T13:34:49.000Z,"2.02,9.01",0000078003-21-000003
PFE,78003,2021-05-04,2021-05-04T12:15:30.000Z,"2.02,9.01",0000078003-21-000062
PFE,78003,2021-07-28,2021-07-28T12:04:28.000Z,"2.02,9.01",0000078003-21-000090
PFE,78003,2021-11-02,2021-11-02T12:25:52.000Z,"2.02,9.01",0000078003-21-000104
PFE,78003,2022-02-08,2022-02-08T13:53:53.000Z,"2.02,9.01",0000078003-22-000003
PFE,78003,2022-04-20,2022-04-20T20:41:43.000Z,2.02,0000078003-22-000062
PFE,78003,2022-05-03,2022-05-03T12:08:57.000Z,"2.02,9.01",0000078003-22-000068
PFE,78003,2022-07-28,2022-07-28T12:09:00.000Z,"2.02,9.01",0000078003-22-000091
PFE,78003,2022-11-01,2022-11-01T12:11:28.000Z,"2.02,9.01",0000078003-22-000098
PFE,78003,2023-01-31,2023-01-31T13:11:36.000Z,"2.02,9.01",0000078003-23-000004
PFE,78003,2023-05-02,2023-05-02T12:05:53.000Z,"2.02,9.01",0001628280-23-014759
PFE,78003,2023-08-01,2023-08-01T12:09:25.000Z,"2.02,9.01",0000078003-23-000085
PFE,78003,2023-10-13,2023-10-13T21:30:20.000Z,"2.02,2.05,7.01,9.01",0000078003-23-000099
PFE,78003,2023-10-31,2023-10-31T12:04:50.000Z,"2.02,9.01",0000078003-23-000111
PFE,78003,2023-12-14,2023-12-14T12:51:03.000Z,"2.02,7.01,9.01",0001193125-23-294930
PFE,78003,2024-01-30,2024-01-30T13:04:28.000Z,"2.02,9.01",0000078003-24-000017
PFE,78003,2024-05-01,2024-05-01T12:11:26.000Z,"2.02,9.01",0000078003-24-000103
PFE,78003,2024-07-30,2024-07-30T12:04:27.000Z,"2.02,9.01",0000078003-24-000155
TEVA,818686,2018-02-08,2018-02-08T14:43:46.000Z,"2.02,9.01",0001157523-18-000255
TEVA,818686,2018-05-03,2018-05-03T11:00:44.000Z,"2.02,9.01",0001157523-18-000962
TEVA,818686,2018-08-02,2018-08-02T11:00:42.000Z,"2.02,9.01",0001157523-18-001669
TEVA,818686,2018-11-01,2018-11-01T11:02:06.000Z,"2.02,9.01",0001157523-18-002246
TEVA,818686,2019-02-13,2019-02-13T12:00:55.000Z,"2.02,9.01",0001157523-19-000320
TEVA,818686,2019-05-02,2019-05-02T11:00:34.000Z,"2.02,9.01",0001157523-19-001035
TEVA,818686,2019-08-07,2019-08-07T11:00:31.000Z,"2.02,9.01",0001157523-19-001739
TEVA,818686,2019-11-07,2019-11-07T12:00:55.000Z,"2.02,9.01",0001157523-19-002223
TEVA,818686,2020-02-12,2020-02-12T12:07:25.000Z,"2.02,9.01",0001157523-20-000188
TEVA,818686,2020-05-07,2020-05-07T11:00:55.000Z,"2.02,9.01",0001157523-20-000687
TEVA,818686,2020-08-05,2020-08-05T11:01:40.000Z,"2.02,9.01",0001157523-20-001123
TEVA,818686,2020-11-05,2020-11-05T12:00:38.000Z,"2.02,9.01",0001157523-20-001439
TEVA,818686,2021-02-10,2021-02-10T12:00:27.000Z,"2.02,9.01",0001157523-21-000158
TEVA,818686,2021-04-28,2021-04-28T11:00:34.000Z,"2.02,9.01",0001157523-21-000515
TEVA,818686,2021-07-28,2021-07-28T11:22:38.000Z,"2.02,9.01",0001157523-21-000935
TEVA,818686,2021-10-27,2021-10-27T11:00:50.000Z,"2.02,9.01",0001157523-21-001258
TEVA,818686,2022-02-09,2022-02-09T12:00:39.000Z,"2.02,9.01",0001157523-22-000164
TEVA,818686,2022-05-03,2022-05-03T11:01:32.000Z,"2.02,9.01",0001157523-22-000536
TEVA,818686,2022-07-26,2022-07-26T20:56:36.000Z,"2.02,9.01",0001157523-22-000904
TEVA,818686,2022-11-03,2022-11-03T11:00:29.000Z,"2.02,9.01",0001157523-22-001500
TEVA,818686,2023-02-08,2023-02-08T12:01:55.000Z,"2.02,9.01",0001157523-23-000205
TEVA,818686,2023-05-10,2023-05-10T11:01:36.000Z,"2.02,9.01",0001157523-23-000797
TEVA,818686,2023-08-02,2023-08-02T11:00:34.000Z,"2.02,9.01",0001157523-23-001212
TEVA,818686,2023-11-08,2023-11-08T12:01:32.000Z,"2.02,9.01",0001157523-23-001677
TEVA,818686,2024-01-31,2024-01-31T12:00:30.000Z,"2.02,9.01",0001157523-24-000137
TEVA,818686,2024-05-08,2024-05-08T11:01:01.000Z,"2.02,9.01",0001193125-24-133759
TEVA,818686,2024-07-31,2024-07-31T11:00:57.000Z,"2.02,9.01",0001171843-24-004270
VTRS,1792044,2020-05-29,2020-05-29T20:35:07.000Z,"2.02,8.01,9.01",0001193125-20-155866
VTRS,1792044,2021-02-22,2021-02-22T12:10:59.000Z,"2.02,7.01,9.01",0001193125-21-049856
VTRS,1792044,2021-05-10,2021-05-10T11:59:17.000Z,"2.02,8.01,9.01",0001792044-21-000015
VTRS,1792044,2021-08-09,2021-08-09T12:31:01.000Z,"2.02,8.01,9.01",0001792044-21-000023
VTRS,1792044,2022-02-28,2022-02-28T13:24:13.000Z,"2.02,8.01,9.01",0001792044-22-000006
VTRS,1792044,2022-05-09,2022-05-09T12:15:09.000Z,"2.02,8.01,9.01",0001792044-22-000015
VTRS,1792044,2022-08-08,2022-08-08T12:02:37.000Z,"2.02,8.01,9.01",0001792044-22-000026
VTRS,1792044,2022-11-07,2022-11-07T12:41:45.000Z,"2.02,8.01,9.01",0001792044-22-000034
VTRS,1792044,2023-02-27,2023-02-27T12:38:38.000Z,"2.02,8.01,9.01",0001792044-23-000005
VTRS,1792044,2023-05-08,2023-05-08T11:51:18.000Z,"2.02,8.01,9.01",0001792044-23-000014
VTRS,1792044,2023-08-07,2023-08-07T11:38:50.000Z,"2.02,8.01,9.01",0001792044-23-000021
VTRS,1792044,2023-11-07,2023-11-07T21:39:18.000Z,"2.02,8.01,9.01",0001792044-23-000031
VTRS,1792044,2024-02-28,2024-02-28T12:39:17.000Z,"2.02,8.01,9.01",0001792044-24-000004
VTRS,1792044,2024-05-09,2024-05-09T11:44:13.000Z,"2.02,8.01,9.01",0001792044-24-000014
VTRS,1792044,2024-08-08,2024-08-08T12:03:07.000Z,"2.02,8.01,9.01",0001792044-24-000022
