lot_id,event_id,ticker,reason,trade_date,exit_date,detail
131:AMPH:placebo,131,AMPH,eligible,2016-03-07,2016-03-14,
131:ICUI:placebo,131,ICUI,eligible,2016-03-07,2016-03-14,
131:MYL:placebo,131,MYL,explicit_price_exclusion,,,Mylan delisted 2020 (Viatris); not on Webull or Yahoo; predecessor history not aliased by design
131:RDY:placebo,131,RDY,explicit_price_exclusion,,,Excluded by Webull-only policy; original allocation retained in cash
131:TEVA:placebo,131,TEVA,explicit_price_exclusion,,,Excluded by Webull-only policy; original allocation retained in cash
408:AMPH:placebo,408,AMPH,eligible,2022-12-29,2023-01-06,
408:BAX:placebo,408,BAX,eligible,2022-12-29,2023-01-06,
408:RDY:placebo,408,RDY,explicit_price_exclusion,,,Excluded by Webull-only policy; original allocation retained in cash
408:TEVA:placebo,408,TEVA,explicit_price_exclusion,,,Excluded by Webull-only policy; original allocation retained in cash
