event_id,ticker,stage,reason,company,winners,controls
1,,event,left_censored,,,
2,,event,left_censored,,,
3,,event,left_censored,,,
4,,event,left_censored,,,
5,,event,left_censored,,,
6,,event,left_censored,,,
7,,event,left_censored,,,
8,,event,left_censored,,,
9,,event,left_censored,,,
10,,event,left_censored,,,
11,,event,left_censored,,,
12,,event,left_censored,,,
13,,event,left_censored,,,
14,,event,left_censored,,,
15,,event,left_censored,,,
16,,event,left_censored,,,
17,,event,left_censored,,,
18,,event,left_censored,,,
19,,event,left_censored,,,
20,,event,left_censored,,,
21,,event,left_censored,,,
22,,event,left_censored,,,
23,,event,left_censored,,,
24,,event,left_censored,,,
25,,event,left_censored,,,
26,,event,left_censored,,,
27,,event,left_censored,,,
28,,event,left_censored,,,
29,,event,left_censored,,,
30,,event,left_censored,,,
31,,event,left_censored,,,
32,,event,left_censored,,,
33,,event,left_censored,,,
34,,event,left_censored,,,
35,,event,left_censored,,,
36,,event,left_censored,,,
37,,event,left_censored,,,
38,,event,left_censored,,,
39,,event,left_censored,,,
40,,event,left_censored,,,
41,,event,left_censored,,,
42,,event,left_censored,,,
43,,event,left_censored,,,
44,,event,left_censored,,,
45,,event,left_censored,,,
46,,event,left_censored,,,
47,,event,left_censored,,,
48,,event,left_censored,,,
49,,event,left_censored,,,
50,,event,left_censored,,,
51,,event,left_censored,,,
52,,event,left_censored,,,
53,,event,left_censored,,,
54,,event,left_censored,,,
55,,event,left_censored,,,
56,,event,left_censored,,,
57,,event,left_censored,,,
58,,event,left_censored,,,
59,,event,left_censored,,,
60,,event,left_censored,,,
61,,event,left_censored,,,
62,,event,left_censored,,,
63,,event,left_censored,,,
64,,event,left_censored,,,
65,,event,left_censored,,,
66,,event,left_censored,,,
67,,event,left_censored,,,
68,,event,left_censored,,,
69,,event,left_censored,,,
70,,event,left_censored,,,
71,,event,left_censored,,,
72,,event,left_censored,,,
73,,event,date_uncertain,,,
74,,event,date_uncertain,,,
75,,event,date_uncertain,,,
76,,event,date_uncertain,,,
77,,event,date_uncertain,,,
78,,event,date_uncertain,,,
79,,event,date_uncertain,,,
80,,event,date_uncertain,,,
81,,event,date_uncertain,,,
82,,event,date_uncertain,,,
83,,event,date_uncertain,,,
84,,event,date_uncertain,,,
85,,event,date_uncertain,,,
86,,event,date_uncertain,,,
87,,event,date_uncertain,,,
88,,event,date_uncertain,,,
89,,event,date_uncertain,,,
90,,event,date_uncertain,,,
91,,event,date_uncertain,,,
92,,event,date_uncertain,,,
93,,event,date_uncertain,,,
94,,event,date_uncertain,,,
95,,event,artifact_flag,,,
96,,event,date_uncertain,,,
97,,event,date_uncertain,,,
98,,event,no_capture_in_window,,,
99,,supplier,unmapped,Sciecure Pharma Inc.,,
99,,event,no_listed_available_winner,,,
100,,event,no_capture_in_window,,,
101,,event,no_capture_in_window,,,
102,,event,no_capture_in_window,,,
103,,event,no_capture_in_window,,,
104,,event,no_capture_in_window,,,
105,,event,included,,1.0,6.0
106,,supplier,unmapped,Sanofi-Aventis,,
106,,supplier,unmapped,Sanofi-Aventis,,
106,,supplier,unmapped,Sanofi-Aventis,,
106,,supplier,unmapped,Sanofi-Aventis,,
106,,supplier,unmapped,Sanofi-Aventis,,
106,,supplier,unmapped,Sanofi-Aventis,,
106,,supplier,unmapped,West-Ward Pharmaceuticals,,
106,,supplier,unmapped,West-Ward Pharmaceuticals,,
106,,supplier,unmapped,West-Ward Pharmaceuticals,,
106,,supplier,unmapped,West-Ward Pharmaceuticals,,
106,,event,no_listed_available_winner,,,
107,,event,no_capture_in_window,,,
108,,event,date_uncertain,,,
109,,event,artifact_flag,,,
110,,event,date_uncertain,,,
111,,event,date_uncertain,,,
112,,event,date_uncertain,,,
113,,event,date_uncertain,,,
114,,event,date_uncertain,,,
115,,event,date_uncertain,,,
116,,event,date_uncertain,,,
117,,event,date_uncertain,,,
118,,event,date_uncertain,,,
119,,event,no_capture_in_window,,,
120,,event,no_capture_in_window,,,
121,,supplier,unmapped,Merck Sharp & Dohme Corp.,,
121,,event,no_listed_available_winner,,,
122,,event,date_uncertain,,,
123,,event,no_capture_in_window,,,
124,,event,no_capture_in_window,,,
125,,event,date_uncertain,,,
126,,event,date_uncertain,,,
127,,event,date_uncertain,,,
128,,event,date_uncertain,,,
129,,event,no_capture_in_window,,,
130,,event,no_capture_in_window,,,
131,,event,date_uncertain,,,
132,,event,date_uncertain,,,
133,,event,date_uncertain,,,
134,,event,date_uncertain,,,
135,,event,included,,2.0,6.0
136,PRIVATE,supplier,private,"Endo Pharmaceuticals, Inc.",,
136,PRIVATE,supplier,private,"Endo Pharmaceuticals, Inc.",,
136,PRIVATE,supplier,private,"Endo Pharmaceuticals, Inc.",,
136,PRIVATE,supplier,private,"Endo Pharmaceuticals, Inc.",,
136,,supplier,unmapped,Rhodes Pharmaceuticals L.P.,,
136,,supplier,unmapped,Rhodes Pharmaceuticals L.P.,,
136,,event,included,,2.0,13.0
137,,event,no_listed_available_winner,,,
138,,event,no_listed_available_winner,,,
139,,event,no_listed_available_winner,,,
140,,event,no_capture_in_window,,,
141,,supplier,unmapped,CEREXA INC. (an Allergan affiliate),,
141,,supplier,unmapped,CEREXA INC. (an Allergan affiliate),,
141,,event,no_listed_available_winner,,,
142,PRIVATE,supplier,private,Par Pharmaceutical,,
142,PRIVATE,supplier,private,Par Pharmaceutical,,
142,PRIVATE,supplier,private,Par Pharmaceutical,,
142,,supplier,unmapped,Perrigo Pharmaceuticals,,
142,,supplier,unmapped,Perrigo Pharmaceuticals,,
142,,event,no_listed_available_winner,,,
143,,event,no_listed_available_winner,,,
144,,event,artifact_flag,,,
145,,event,artifact_flag,,,
146,,event,artifact_flag,,,
147,,event,artifact_flag,,,
148,,event,no_capture_in_window,,,
149,,event,no_capture_in_window,,,
150,,event,no_capture_in_window,,,
151,,supplier,unmapped,Akorn Pharmaceuticals,,
151,,event,no_listed_available_winner,,,
152,,supplier,unmapped,"Teligent Pharma, Inc.",,
152,,supplier,unmapped,"Teligent Pharma, Inc.",,
152,,supplier,unmapped,"Teligent Pharma, Inc.",,
152,,event,no_listed_available_winner,,,
153,,event,no_capture_in_window,,,
154,,event,no_capture_in_window,,,
155,,event,no_capture_in_window,,,
156,,event,no_capture_in_window,,,
157,,event,no_capture_in_window,,,
158,,event,no_capture_in_window,,,
159,,event,no_capture_in_window,,,
160,,event,no_capture_in_window,,,
161,,event,no_capture_in_window,,,
162,,event,no_capture_in_window,,,
163,,event,no_capture_in_window,,,
164,,event,no_capture_in_window,,,
165,,event,no_capture_in_window,,,
166,,event,no_capture_in_window,,,
167,,event,no_capture_in_window,,,
168,,event,no_capture_in_window,,,
169,,event,no_capture_in_window,,,
170,,event,no_capture_in_window,,,
171,,event,no_capture_in_window,,,
172,,event,artifact_flag,,,
173,,event,no_capture_in_window,,,
174,,event,no_capture_in_window,,,
175,,event,no_capture_in_window,,,
176,,event,no_capture_in_window,,,
177,,event,no_capture_in_window,,,
178,,event,date_uncertain,,,
179,,event,date_uncertain,,,
180,,event,date_uncertain,,,
181,,event,date_uncertain,,,
182,,event,date_uncertain,,,
183,,event,date_uncertain,,,
184,,event,no_capture_in_window,,,
185,,event,no_capture_in_window,,,
186,,event,date_uncertain,,,
187,,event,no_capture_in_window,,,
188,,event,date_uncertain,,,
189,,event,date_uncertain,,,
190,,event,date_uncertain,,,
191,,event,date_uncertain,,,
192,,event,date_uncertain,,,
193,,event,artifact_flag,,,
194,,event,artifact_flag,,,
195,,event,artifact_flag,,,
196,,event,artifact_flag,,,
197,,event,artifact_flag,,,
198,,event,no_capture_in_window,,,
199,,event,no_capture_in_window,,,
200,,event,no_capture_in_window,,,
201,,event,no_capture_in_window,,,
202,,event,no_capture_in_window,,,
203,,event,no_capture_in_window,,,
204,,event,no_capture_in_window,,,
205,,event,no_capture_in_window,,,
206,,event,no_capture_in_window,,,
207,,event,no_capture_in_window,,,
208,,event,no_capture_in_window,,,
209,,event,no_capture_in_window,,,
210,,event,no_capture_in_window,,,
211,,event,no_capture_in_window,,,
212,,event,no_capture_in_window,,,
213,,event,no_capture_in_window,,,
214,,event,no_capture_in_window,,,
215,,event,no_capture_in_window,,,
216,,event,no_capture_in_window,,,
217,,event,date_uncertain,,,
218,,event,date_uncertain,,,
219,,event,artifact_flag,,,
220,,event,date_uncertain,,,
221,,event,date_uncertain,,,
222,,event,date_uncertain,,,
223,,event,date_uncertain,,,
224,,event,no_capture_in_window,,,
225,,event,date_uncertain,,,
226,,event,date_uncertain,,,
227,,event,date_uncertain,,,
228,,event,date_uncertain,,,
229,,event,date_uncertain,,,
230,,event,date_uncertain,,,
231,,event,date_uncertain,,,
232,,event,date_uncertain,,,
233,,event,date_uncertain,,,
234,,event,date_uncertain,,,
235,,event,date_uncertain,,,
236,,event,date_uncertain,,,
237,,event,date_uncertain,,,
238,,event,date_uncertain,,,
239,,event,date_uncertain,,,
240,,event,date_uncertain,,,
241,,event,date_uncertain,,,
242,,event,date_uncertain,,,
243,,event,date_uncertain,,,
244,,event,artifact_flag,,,
245,,event,date_uncertain,,,
246,,event,date_uncertain,,,
247,,event,date_uncertain,,,
248,,event,artifact_flag,,,
249,,event,date_uncertain,,,
250,,event,date_uncertain,,,
251,,event,date_uncertain,,,
252,,event,date_uncertain,,,
253,,event,date_uncertain,,,
254,,event,date_uncertain,,,
255,,event,date_uncertain,,,
256,,event,date_uncertain,,,
257,,event,date_uncertain,,,
258,,event,date_uncertain,,,
259,,event,date_uncertain,,,
260,,event,date_uncertain,,,
261,,event,date_uncertain,,,
262,,event,date_uncertain,,,
263,,event,date_uncertain,,,
264,,event,date_uncertain,,,
265,,event,no_capture_in_window,,,
266,,event,included,,1.0,0.0
267,,event,included,,1.0,0.0
268,,supplier,unmapped,Perrigo Company PLC,,
268,,supplier,unmapped,Perrigo Company PLC,,
268,,supplier,unmapped,Perrigo Company PLC,,
268,,supplier,unmapped,Takeda Pharmaceuticals USA Inc.,,
268,,supplier,unmapped,Takeda Pharmaceuticals USA Inc.,,
268,,supplier,unmapped,Takeda Pharmaceuticals USA Inc.,,
268,,event,no_listed_available_winner,,,
269,,event,date_uncertain,,,
270,,event,no_capture_in_window,,,
271,,event,no_capture_in_window,,,
272,,event,no_capture_in_window,,,
273,,event,date_uncertain,,,
274,,event,date_uncertain,,,
275,,event,date_uncertain,,,
276,,event,date_uncertain,,,
277,,event,date_uncertain,,,
278,,event,date_uncertain,,,
279,,event,date_uncertain,,,
280,PRIVATE,supplier,private,Par Pharmaceutical,,
280,PRIVATE,supplier,private,Par Pharmaceutical,,
280,PRIVATE,supplier,private,Par Pharmaceutical,,
280,,event,no_listed_available_winner,,,
281,,event,date_uncertain,,,
282,,event,date_uncertain,,,
283,,event,no_capture_in_window,,,
284,,supplier,unmapped,Allergan Sales LLC,,
284,,supplier,unmapped,Allergan Sales LLC,,
284,,event,no_listed_available_winner,,,
285,,supplier,unmapped,"ANI Pharmaceuticals, Inc.",,
285,,supplier,unmapped,"ANI Pharmaceuticals, Inc.",,
285,,supplier,unmapped,Bayshore Pharmaceuticals,,
285,,supplier,unmapped,Bayshore Pharmaceuticals,,
285,,event,included,,1.0,6.0
286,,event,no_listed_available_winner,,,
287,,event,capture_not_current_shortage,,,
288,,event,no_capture_in_window,,,
289,,event,artifact_flag,,,
290,,event,artifact_flag,,,
291,,event,artifact_flag,,,
292,,event,artifact_flag,,,
293,,event,artifact_flag,,,
294,,event,artifact_flag,,,
295,,event,artifact_flag,,,
296,,event,artifact_flag,,,
297,,event,artifact_flag,,,
298,,supplier,unmapped,Bionpharma Inc.,,
298,,supplier,unmapped,Bionpharma Inc.,,
298,,supplier,unmapped,Bionpharma Inc.,,
298,,supplier,unmapped,Bionpharma Inc.,,
298,,supplier,unmapped,Bionpharma Inc.,,
298,,supplier,unmapped,Bionpharma Inc.,,
298,,supplier,unmapped,CSPC Ouyi Pharmaceutical Co. Ltd.,,
298,,supplier,unmapped,CSPC Ouyi Pharmaceutical Co. Ltd.,,
298,,supplier,unmapped,CSPC Ouyi Pharmaceutical Co. Ltd.,,
298,,supplier,unmapped,CSPC Ouyi Pharmaceutical Co. Ltd.,,
298,,supplier,unmapped,CSPC Ouyi Pharmaceutical Co. Ltd.,,
298,,supplier,unmapped,CSPC Ouyi Pharmaceutical Co. Ltd.,,
298,,supplier,unmapped,CSPC Ouyi Pharmaceutical Co. Ltd.,,
298,,supplier,unmapped,HEC Pharm USA Inc.,,
298,,supplier,unmapped,Wockhardt,,
298,,supplier,unmapped,Wockhardt,,
298,,supplier,unmapped,Wockhardt,,
298,,supplier,unmapped,Wockhardt,,
298,,supplier,unmapped,Wockhardt,,
298,,supplier,unmapped,Wockhardt,,
298,,supplier,unmapped,Wockhardt,,
298,,supplier,unmapped,Wockhardt,,
298,,supplier,unmapped,Wockhardt,,
298,,supplier,unmapped,Wockhardt,,
298,,supplier,unmapped,Wockhardt,,
298,,event,included,,4.0,13.0
299,,event,no_capture_in_window,,,
300,,event,no_capture_in_window,,,
301,,event,no_capture_in_window,,,
302,,event,no_capture_in_window,,,
303,,event,no_capture_in_window,,,
304,,event,no_capture_in_window,,,
305,,supplier,unmapped,Akorn Pharmaceuticals,,
305,,event,no_listed_available_winner,,,
306,,supplier,unmapped,"Clinigen, Inc.",,
306,,event,no_listed_available_winner,,,
307,,event,artifact_flag,,,
308,,event,included,,2.0,16.0
309,,event,no_capture_in_window,,,
310,,event,no_capture_in_window,,,
311,,supplier,unmapped,Abbvie,,
311,,supplier,unmapped,Abbvie,,
311,,supplier,unmapped,Abbvie,,
311,,supplier,unmapped,Abbvie,,
311,,supplier,unmapped,Abbvie,,
311,,supplier,unmapped,Abbvie,,
311,,supplier,unmapped,Abbvie,,
311,,supplier,unmapped,Abbvie,,
311,,supplier,unmapped,Abbvie,,
311,,supplier,unmapped,Abbvie,,
311,,supplier,unmapped,Abbvie,,
311,,supplier,unmapped,"Tolmar Pharmaceuticals, Inc.",,
311,,supplier,unmapped,"Tolmar Pharmaceuticals, Inc.",,
311,,supplier,unmapped,"Tolmar Pharmaceuticals, Inc.",,
311,,supplier,unmapped,"Tolmar Pharmaceuticals, Inc.",,
311,,supplier,unmapped,"Tolmar Pharmaceuticals, Inc.",,
311,,event,no_listed_available_winner,,,
312,,event,no_capture_in_window,,,
313,,supplier,unmapped,"X-GEN Pharmaceuticals, Inc.",,
313,,supplier,unmapped,"X-GEN Pharmaceuticals, Inc.",,
313,,event,no_listed_available_winner,,,
314,,supplier,unmapped,Akorn Pharmaceuticals,,
314,,supplier,unmapped,Akorn Pharmaceuticals,,
314,,supplier,unmapped,"X-GEN Pharmaceuticals, Inc.",,
314,,event,no_listed_available_winner,,,
315,,event,no_listed_available_winner,,,
316,,event,no_listed_available_winner,,,
317,,supplier,unmapped,"Leadiant Biosciences, Inc.",,
317,,event,no_listed_available_winner,,,
318,,supplier,unmapped,Akorn Pharmaceuticals,,
318,,supplier,unmapped,Akorn Pharmaceuticals,,
318,,supplier,unmapped,Akorn Pharmaceuticals,,
318,,supplier,unmapped,Akorn Pharmaceuticals,,
318,,supplier,unmapped,Akorn Pharmaceuticals,,
318,,supplier,unmapped,Alcon,,
318,,supplier,unmapped,Alcon,,
318,,supplier,unmapped,Alcon,,
318,,supplier,unmapped,Alcon,,
318,,supplier,unmapped,Alcon,,
318,,supplier,unmapped,Alcon,,
318,,supplier,unmapped,Alcon,,
318,,supplier,unmapped,Alcon,,
318,,supplier,unmapped,Alcon,,
318,,supplier,unmapped,Alcon,,
318,,supplier,unmapped,Bausch & Lomb Incorporated,,
318,,event,no_listed_available_winner,,,
319,,event,no_capture_in_window,,,
320,,event,capture_not_current_shortage,,,
321,,event,included,,1.0,6.0
322,,supplier,unmapped,Accord Healthcare Inc.,,
322,,supplier,unmapped,Armas Pharmaceuticals Inc,,
322,,supplier,unmapped,Celgene Corporation,,
322,,supplier,unmapped,Celgene Corporation,,
322,,supplier,unmapped,Celgene Corporation,,
322,,event,no_listed_available_winner,,,
323,,supplier,unmapped,Horizon Therapeutics,,
323,,event,no_listed_available_winner,,,
324,,event,capture_not_current_shortage,,,
325,,event,no_listed_available_winner,,,
326,,supplier,unmapped,Merck Sharp & Dohme Corp.,,
326,,event,no_listed_available_winner,,,
327,,event,artifact_flag,,,
328,,event,artifact_flag,,,
329,,event,artifact_flag,,,
330,,event,artifact_flag,,,
331,,supplier,unmapped,Sanofi,,
331,,event,no_listed_available_winner,,,
332,,event,no_listed_available_winner,,,
333,,event,artifact_flag,,,
334,,supplier,unmapped,Ferring,,
334,,event,no_listed_available_winner,,,
335,,event,date_uncertain,,,
336,,event,date_uncertain,,,
337,,event,date_uncertain,,,
338,,event,date_uncertain,,,
339,,supplier,unmapped,SERB SA,,
339,,event,no_listed_available_winner,,,
340,,event,no_listed_available_winner,,,
341,,supplier,unmapped,Medexus,,
341,,event,no_listed_available_winner,,,
342,PRIVATE,supplier,private,B. Braun Medical Inc.,,
342,,event,included,,2.0,0.0
343,PRIVATE,supplier,private,Par Pharmaceutical,,
343,,event,no_listed_available_winner,,,
344,,event,date_uncertain,,,
345,,supplier,unmapped,Porton Biopharma Limited,,
345,,event,no_listed_available_winner,,,
346,PRIVATE,supplier,private,Apotex Corp.,,
346,PRIVATE,supplier,private,Apotex Corp.,,
346,PRIVATE,supplier,private,Apotex Corp.,,
346,PRIVATE,supplier,private,Apotex Corp.,,
346,,event,no_listed_available_winner,,,
347,,event,no_capture_in_window,,,
348,,event,included,,2.0,7.0
349,,supplier,unmapped,"Genentech, Inc",,
349,,supplier,unmapped,"Genentech, Inc",,
349,,supplier,unmapped,"Genentech, Inc",,
349,,event,no_listed_available_winner,,,
350,,event,artifact_flag,,,
351,,event,capture_not_current_shortage,,,
352,,event,included,,2.0,5.0
353,,supplier,unmapped,Bristol Myers Squibb Co.,,
353,,event,no_listed_available_winner,,,
354,,event,no_listed_available_winner,,,
355,,supplier,unmapped,Novartis,,
355,,event,no_listed_available_winner,,,
356,,event,no_listed_available_winner,,,
357,,event,no_capture_in_window,,,
358,,event,no_capture_in_window,,,
359,PRIVATE,supplier,private,B. Braun Medical Inc.,,
359,,event,no_listed_available_winner,,,
360,,event,date_uncertain,,,
361,,event,date_uncertain,,,
362,,event,artifact_flag,,,
363,,event,date_uncertain,,,
364,,event,no_listed_available_winner,,,
365,,supplier,unmapped,Northstar,,
365,,supplier,unmapped,Northstar,,
365,,supplier,unmapped,Northstar,,
365,,supplier,unmapped,Northstar,,
365,,supplier,unmapped,Northstar,,
365,,supplier,unmapped,Northstar,,
365,,supplier,unmapped,Northstar,,
365,,event,no_listed_available_winner,,,
366,,event,no_capture_in_window,,,
367,,event,no_listed_available_winner,,,
368,PRIVATE,supplier,private,B. Braun Medical Inc.,,
368,PRIVATE,supplier,private,Sagent Pharmaceuticals,,
368,,event,no_listed_available_winner,,,
369,,event,no_capture_in_window,,,
370,,event,no_capture_in_window,,,
371,,event,no_capture_in_window,,,
372,,event,artifact_flag,,,
373,,event,no_listed_available_winner,,,
374,,supplier,unmapped,"Novo Nordisk, Inc.",,
374,,supplier,unmapped,"Novo Nordisk, Inc.",,
374,,supplier,unmapped,"Novo Nordisk, Inc.",,
374,,supplier,unmapped,"Novo Nordisk, Inc.",,
374,,supplier,unmapped,"Novo Nordisk, Inc.",,
374,,event,no_listed_available_winner,,,
375,,event,no_capture_in_window,,,
376,,event,no_listed_available_winner,,,
377,,supplier,unmapped,Akorn Pharmaceuticals,,
377,,supplier,unmapped,Akorn Pharmaceuticals,,
377,,supplier,unmapped,Alcon,,
377,,event,no_listed_available_winner,,,
378,,event,included,,1.0,6.0
379,,supplier,unmapped,Akorn Pharmaceuticals,,
379,,supplier,unmapped,Akorn Pharmaceuticals,,
379,,supplier,unmapped,Akorn Pharmaceuticals,,
379,,event,no_listed_available_winner,,,
380,,supplier,unmapped,GE Healthcare,,
380,,supplier,unmapped,GE Healthcare,,
380,,supplier,unmapped,GE Healthcare,,
380,,supplier,unmapped,GE Healthcare,,
380,,supplier,unmapped,GE Healthcare,,
380,,supplier,unmapped,GE Healthcare,,
380,,supplier,unmapped,GE Healthcare,,
380,,supplier,unmapped,GE Healthcare,,
380,,supplier,unmapped,GE Healthcare,,
380,,supplier,unmapped,GE Healthcare,,
380,,supplier,unmapped,GE Healthcare,,
380,,supplier,unmapped,GE Healthcare,,
380,,supplier,unmapped,GE Healthcare,,
380,,supplier,unmapped,GE Healthcare,,
380,,supplier,unmapped,GE Healthcare,,
380,,supplier,unmapped,GE Healthcare,,
380,,supplier,unmapped,GE Healthcare,,
380,,supplier,unmapped,GE Healthcare,,
380,,supplier,unmapped,GE Healthcare,,
380,,supplier,unmapped,GE Healthcare,,
380,,supplier,unmapped,GE Healthcare,,
380,,supplier,unmapped,GE Healthcare,,
380,,supplier,unmapped,GE Healthcare,,
380,,supplier,unmapped,GE Healthcare,,
380,,supplier,unmapped,GE Healthcare,,
380,,supplier,unmapped,GE Healthcare,,
380,,supplier,unmapped,GE Healthcare,,
380,,supplier,unmapped,GE Healthcare,,
380,,supplier,unmapped,GE Healthcare,,
380,,supplier,unmapped,GE Healthcare,,
380,,supplier,unmapped,GE Healthcare,,
380,,supplier,unmapped,GE Healthcare,,
380,,supplier,unmapped,GE Healthcare,,
380,,supplier,unmapped,GE Healthcare,,
380,,supplier,unmapped,GE Healthcare,,
380,,supplier,unmapped,GE Healthcare,,
380,,supplier,unmapped,GE Healthcare,,
380,,supplier,unmapped,GE Healthcare,,
380,,supplier,unmapped,GE Healthcare,,
380,,supplier,unmapped,GE Healthcare,,
380,,supplier,unmapped,GE Healthcare,,
380,,supplier,unmapped,GE Healthcare,,
380,,supplier,unmapped,GE Healthcare,,
380,,event,no_listed_available_winner,,,
381,,supplier,unmapped,GE Healthcare,,
381,,supplier,unmapped,GE Healthcare,,
381,,supplier,unmapped,GE Healthcare,,
381,,supplier,unmapped,GE Healthcare,,
381,,supplier,unmapped,GE Healthcare,,
381,,supplier,unmapped,GE Healthcare,,
381,,supplier,unmapped,GE Healthcare,,
381,,supplier,unmapped,GE Healthcare,,
381,,supplier,unmapped,GE Healthcare,,
381,,supplier,unmapped,GE Healthcare,,
381,,supplier,unmapped,GE Healthcare,,
381,,supplier,unmapped,GE Healthcare,,
381,,supplier,unmapped,GE Healthcare,,
381,,supplier,unmapped,GE Healthcare,,
381,,supplier,unmapped,GE Healthcare,,
381,,supplier,unmapped,GE Healthcare,,
381,,supplier,unmapped,GE Healthcare,,
381,,supplier,unmapped,GE Healthcare,,
381,,supplier,unmapped,GE Healthcare,,
381,,supplier,unmapped,GE Healthcare,,
381,,supplier,unmapped,GE Healthcare,,
381,,supplier,unmapped,GE Healthcare,,
381,,supplier,unmapped,GE Healthcare,,
381,,supplier,unmapped,GE Healthcare,,
381,,supplier,unmapped,GE Healthcare,,
381,,supplier,unmapped,GE Healthcare,,
381,,supplier,unmapped,GE Healthcare,,
381,,supplier,unmapped,GE Healthcare,,
381,,supplier,unmapped,GE Healthcare,,
381,,supplier,unmapped,GE Healthcare,,
381,,supplier,unmapped,GE Healthcare,,
381,,supplier,unmapped,GE Healthcare,,
381,,supplier,unmapped,GE Healthcare,,
381,,supplier,unmapped,GE Healthcare,,
381,,supplier,unmapped,GE Healthcare,,
381,,supplier,unmapped,GE Healthcare,,
381,,supplier,unmapped,GE Healthcare,,
381,,supplier,unmapped,GE Healthcare,,
381,,supplier,unmapped,GE Healthcare,,
381,,supplier,unmapped,GE Healthcare,,
381,,supplier,unmapped,GE Healthcare,,
381,,supplier,unmapped,GE Healthcare,,
381,,supplier,unmapped,GE Healthcare,,
381,,supplier,unmapped,GE Healthcare,,
381,,supplier,unmapped,GE Healthcare,,
381,,supplier,unmapped,GE Healthcare,,
381,,supplier,unmapped,GE Healthcare,,
381,,supplier,unmapped,GE Healthcare,,
381,,supplier,unmapped,GE Healthcare,,
381,,supplier,unmapped,GE Healthcare,,
381,,supplier,unmapped,GE Healthcare,,
381,,supplier,unmapped,GE Healthcare,,
381,,supplier,unmapped,GE Healthcare,,
381,,supplier,unmapped,GE Healthcare,,
381,,supplier,unmapped,GE Healthcare,,
381,,supplier,unmapped,GE Healthcare,,
381,,supplier,unmapped,GE Healthcare,,
381,,supplier,unmapped,GE Healthcare,,
381,,supplier,unmapped,GE Healthcare,,
381,,supplier,unmapped,GE Healthcare,,
381,,supplier,unmapped,GE Healthcare,,
381,,supplier,unmapped,GE Healthcare,,
381,,supplier,unmapped,GE Healthcare,,
381,,supplier,unmapped,GE Healthcare,,
381,,supplier,unmapped,GE Healthcare,,
381,,supplier,unmapped,GE Healthcare,,
381,,supplier,unmapped,GE Healthcare,,
381,,supplier,unmapped,GE Healthcare,,
381,,supplier,unmapped,GE Healthcare,,
381,,supplier,unmapped,GE Healthcare,,
381,,supplier,unmapped,GE Healthcare,,
381,,supplier,unmapped,GE Healthcare,,
381,,supplier,unmapped,GE Healthcare,,
381,,supplier,unmapped,GE Healthcare,,
381,,supplier,unmapped,GE Healthcare,,
381,,supplier,unmapped,GE Healthcare,,
381,,supplier,unmapped,GE Healthcare,,
381,,supplier,unmapped,GE Healthcare,,
381,,supplier,unmapped,GE Healthcare,,
381,,supplier,unmapped,GE Healthcare,,
381,,supplier,unmapped,GE Healthcare,,
381,,supplier,unmapped,GE Healthcare,,
381,,supplier,unmapped,GE Healthcare,,
381,,supplier,unmapped,GE Healthcare,,
381,,supplier,unmapped,GE Healthcare,,
381,,supplier,unmapped,GE Healthcare,,
381,,supplier,unmapped,GE Healthcare,,
381,,supplier,unmapped,GE Healthcare,,
381,,supplier,unmapped,GE Healthcare,,
381,,supplier,unmapped,GE Healthcare,,
381,,supplier,unmapped,GE Healthcare,,
381,,supplier,unmapped,GE Healthcare,,
381,,supplier,unmapped,GE Healthcare,,
381,,supplier,unmapped,GE Healthcare,,
381,,supplier,unmapped,GE Healthcare,,
381,,supplier,unmapped,GE Healthcare,,
381,,supplier,unmapped,GE Healthcare,,
381,,supplier,unmapped,GE Healthcare,,
381,,supplier,unmapped,GE Healthcare,,
381,,supplier,unmapped,GE Healthcare,,
381,,event,no_listed_available_winner,,,
382,,supplier,unmapped,"Advanced Accelerator Applications USA, Inc.",,
382,,event,no_listed_available_winner,,,
383,,event,no_capture_in_window,,,
384,,event,date_uncertain,,,
385,,event,no_capture_in_window,,,
386,,supplier,unmapped,Akorn Pharmaceuticals,,
386,,supplier,unmapped,Akorn Pharmaceuticals,,
386,,supplier,unmapped,Bausch Health,,
386,,supplier,unmapped,Bausch Health,,
386,,supplier,unmapped,Padagis US LLC,,
386,,supplier,unmapped,Padagis US LLC,,
386,,supplier,unmapped,Padagis US LLC,,
386,,event,no_listed_available_winner,,,
387,,supplier,unmapped,Bracco,,
387,,supplier,unmapped,Bracco,,
387,,supplier,unmapped,Bracco,,
387,,supplier,unmapped,Bracco,,
387,,supplier,unmapped,Bracco,,
387,,supplier,unmapped,Bracco,,
387,,supplier,unmapped,Bracco,,
387,,supplier,unmapped,Bracco,,
387,,supplier,unmapped,Bracco,,
387,,supplier,unmapped,Bracco,,
387,,supplier,unmapped,Bracco,,
387,,supplier,unmapped,Bracco,,
387,,supplier,unmapped,Bracco,,
387,,supplier,unmapped,Bracco,,
387,,event,no_listed_available_winner,,,
388,,supplier,unmapped,Sanofi,,
388,,supplier,unmapped,Sanofi,,
388,,event,no_listed_available_winner,,,
389,,supplier,unmapped,Padagis US LLC,,
389,,supplier,unmapped,Padagis US LLC,,
389,,event,no_listed_available_winner,,,
390,,supplier,unmapped,"Rising Pharma Holdings, Inc.",,
390,,supplier,unmapped,"Rising Pharma Holdings, Inc.",,
390,,event,no_listed_available_winner,,,
391,,event,no_capture_in_window,,,
392,,event,no_capture_in_window,,,
393,,event,no_capture_in_window,,,
394,PRIVATE,supplier,private,Par Pharmaceuticals,,
394,PRIVATE,supplier,private,Par Pharmaceuticals,,
394,PRIVATE,supplier,private,Par Pharmaceuticals,,
394,,event,no_listed_available_winner,,,
395,,event,no_capture_in_window,,,
396,,event,no_capture_in_window,,,
397,,event,no_capture_in_window,,,
398,,event,no_capture_in_window,,,
399,,event,no_capture_in_window,,,
400,,supplier,unmapped,"X-GEN Pharmaceuticals, Inc.",,
400,,event,no_listed_available_winner,,,
401,,event,no_capture_in_window,,,
402,,event,no_capture_in_window,,,
403,,event,no_capture_in_window,,,
404,,supplier,unmapped,Eli Lilly and Company,,
404,,supplier,unmapped,Eli Lilly and Company,,
404,,supplier,unmapped,Eli Lilly and Company,,
404,,supplier,unmapped,Eli Lilly and Company,,
404,,event,no_listed_available_winner,,,
405,,event,capture_not_current_shortage,,,
406,,supplier,unmapped,Eli Lilly and Company,,
406,,event,no_listed_available_winner,,,
407,,event,no_capture_in_window,,,
408,,supplier,unmapped,Novartis Pharmaceuticals Corporation,,
408,,supplier,unmapped,Novartis Pharmaceuticals Corporation,,
408,,event,included,,1.0,6.0
409,,event,no_capture_in_window,,,
410,,event,no_capture_in_window,,,
411,,supplier,unmapped,"Solco Healthcare US, LLC",,
411,,supplier,unmapped,"Solco Healthcare US, LLC",,
411,,supplier,unmapped,"Solco Healthcare US, LLC",,
411,,supplier,unmapped,"Solco Healthcare US, LLC",,
411,,event,no_listed_available_winner,,,
412,,event,no_capture_in_window,,,
413,,supplier,unmapped,Accord Healthcare Inc.,,
413,,supplier,unmapped,Genentech,,
413,,supplier,unmapped,Genentech,,
413,,supplier,unmapped,Novadoz Pharmaceuticals LLC,,
413,,supplier,unmapped,Novadoz Pharmaceuticals LLC,,
413,,event,included,,1.0,6.0
414,,supplier,unmapped,Accord Healthcare Inc.,,
414,,supplier,unmapped,Accord Healthcare Inc.,,
414,,supplier,unmapped,Accord Healthcare Inc.,,
414,,supplier,unmapped,Accord Healthcare Inc.,,
414,,supplier,unmapped,HQ Specialty Pharma,,
414,,supplier,unmapped,HQ Specialty Pharma,,
414,,event,included,,2.0,6.0
415,,supplier,unmapped,Swedish Orphan Biovitrum AB,,
415,,supplier,unmapped,Swedish Orphan Biovitrum AB,,
415,,event,no_listed_available_winner,,,
416,PRIVATE,supplier,private,Sagent Pharmaceuticals,,
416,PRIVATE,supplier,private,Sagent Pharmaceuticals,,
416,,supplier,unmapped,"XGen Pharmaceuticals DJB, Inc.",,
416,,supplier,unmapped,"XGen Pharmaceuticals DJB, Inc.",,
416,,event,no_listed_available_winner,,,
417,,event,no_capture_in_window,,,
418,,supplier,unmapped,"Advanced Accelerator Applications USA, Inc.",,
418,,event,no_listed_available_winner,,,
419,,event,no_capture_in_window,,,
420,,supplier,unmapped,"Key Therapeutics, Inc.",,
420,,supplier,unmapped,"Mayne Pharma, Inc.",,
420,,event,no_listed_available_winner,,,
421,,supplier,unmapped,Accord Healthcare Inc.,,
421,,supplier,unmapped,Accord Healthcare Inc.,,
421,,supplier,unmapped,Accord Healthcare Inc.,,
421,,event,no_listed_available_winner,,,
422,,event,no_capture_in_window,,,
423,,event,no_capture_in_window,,,
424,,event,no_capture_in_window,,,
425,,supplier,unmapped,"Accord Healthcare, Inc.",,
425,,supplier,unmapped,"Accord Healthcare, Inc.",,
425,,supplier,unmapped,AuroMedics Pharma LLC,,
425,,supplier,unmapped,AuroMedics Pharma LLC,,
425,,event,included,,1.0,6.0
426,,event,no_listed_available_winner,,,
427,,supplier,unmapped,"Janssen Pharmaceuticals, Inc.",,
427,,event,no_listed_available_winner,,,
428,,event,no_capture_in_window,,,
429,,event,no_capture_in_window,,,
430,,supplier,unmapped,"Janssen Pharmaceuticals, Inc.",,
430,,supplier,unmapped,"Janssen Pharmaceuticals, Inc.",,
430,,supplier,unmapped,"Janssen Pharmaceuticals, Inc.",,
430,,supplier,unmapped,"Janssen Pharmaceuticals, Inc.",,
430,PRIVATE,supplier,private,"Lannett Company, Inc.",,
430,PRIVATE,supplier,private,"Lannett Company, Inc.",,
430,PRIVATE,supplier,private,"Lannett Company, Inc.",,
430,PRIVATE,supplier,private,"Lannett Company, Inc.",,
430,,supplier,unmapped,"Trigen Laboratories, LLC",,
430,,supplier,unmapped,"Trigen Laboratories, LLC",,
430,,supplier,unmapped,"Trigen Laboratories, LLC",,
430,,supplier,unmapped,"Trigen Laboratories, LLC",,
430,,supplier,unmapped,"Trigen Laboratories, LLC",,
430,,supplier,unmapped,"Trigen Laboratories, LLC",,
430,,supplier,unmapped,"Trigen Laboratories, LLC",,
430,,event,included,,1.0,4.0
431,,event,artifact_flag,,,
432,,event,artifact_flag,,,
433,,event,artifact_flag,,,
434,,event,artifact_flag,,,
435,,event,artifact_flag,,,
436,,event,artifact_flag,,,
437,,event,artifact_flag,,,
438,,event,artifact_flag,,,
439,,event,artifact_flag,,,
440,,event,artifact_flag,,,
441,,event,artifact_flag,,,
442,,event,artifact_flag,,,
443,,event,artifact_flag,,,
444,,event,artifact_flag,,,
445,,event,artifact_flag,,,
446,,event,artifact_flag,,,
447,,event,artifact_flag,,,
448,,event,artifact_flag,,,
449,,event,artifact_flag,,,
450,,event,artifact_flag,,,
451,,event,artifact_flag,,,
452,,event,artifact_flag,,,
453,,event,artifact_flag,,,
454,,event,artifact_flag,,,
455,,event,artifact_flag,,,
456,,event,artifact_flag,,,
457,,event,artifact_flag,,,
458,,event,artifact_flag,,,
459,,event,artifact_flag,,,
460,,event,artifact_flag,,,
461,,event,artifact_flag,,,
462,,event,no_capture_in_window,,,
463,,event,no_capture_in_window,,,
464,,event,no_capture_in_window,,,
465,,event,no_capture_in_window,,,
466,,supplier,unmapped,Curium US LLC,,
466,,event,no_listed_available_winner,,,
467,,event,no_capture_in_window,,,
468,,supplier,unmapped,Accord Healthcare Inc.,,
468,,supplier,unmapped,Accord Healthcare Inc.,,
468,,supplier,unmapped,"Elite Laboratories, Inc.",,
468,,supplier,unmapped,"Elite Laboratories, Inc.",,
468,,supplier,unmapped,"Elite Laboratories, Inc.",,
468,,supplier,unmapped,"Elite Laboratories, Inc.",,
468,,event,no_listed_available_winner,,,
469,,event,artifact_flag,,,
470,,event,artifact_flag,,,
471,,event,artifact_flag,,,
472,,event,artifact_flag,,,
473,,event,artifact_flag,,,
474,,event,no_listed_available_winner,,,
475,,event,no_capture_in_window,,,
476,,supplier,unmapped,Novadaq Technologies,,
476,,supplier,unmapped,Novadaq Technologies,,
476,,supplier,unmapped,Novadaq Technologies,,
476,,supplier,unmapped,Novadaq Technologies,,
476,,supplier,unmapped,Novadaq Technologies,,
476,,supplier,unmapped,Novadaq Technologies,,
476,,supplier,unmapped,Novadaq Technologies,,
476,,supplier,unmapped,Novadaq Technologies,,
476,,supplier,unmapped,Renew Pharmaceuticals Limited,,
476,,event,no_listed_available_winner,,,
105,FRE.DE,subset,outside_markets,,,
135,FRE.DE,subset,outside_markets,,,
136,APLLTD.NS,subset,outside_markets,,,
136,AUROPHARMA.NS,subset,outside_markets,,,
136,CAPLIPOINT.NS,subset,outside_markets,,,
136,CIPLA.NS,subset,outside_markets,,,
136,GRANULES.NS,subset,outside_markets,,,
136,LUPIN.NS,subset,outside_markets,,,
136,STAR.NS,subset,outside_markets,,,
136,SUNPHARMA.NS,subset,outside_markets,,,
136,TORNTPHARM.NS,subset,outside_markets,,,
136,ZYDUSLIFE.NS,subset,outside_markets,,,
137,FRE.DE,subset,outside_markets,,,
152,ZYDUSLIFE.NS,subset,outside_markets,,,
266,FRE.DE,subset,outside_markets,,,
267,FRE.DE,subset,outside_markets,,,
280,FRE.DE,subset,outside_markets,,,
285,SUNPHARMA.NS,subset,outside_markets,,,
298,APLLTD.NS,subset,outside_markets,,,
298,AUROPHARMA.NS,subset,outside_markets,,,
298,LUPIN.NS,subset,outside_markets,,,
298,NOVN.SW,subset,outside_markets,,,
298,CAPLIPOINT.NS,subset,outside_markets,,,
298,CIPLA.NS,subset,outside_markets,,,
298,GRANULES.NS,subset,outside_markets,,,
298,STAR.NS,subset,outside_markets,,,
298,SUNPHARMA.NS,subset,outside_markets,,,
298,TORNTPHARM.NS,subset,outside_markets,,,
298,ZYDUSLIFE.NS,subset,outside_markets,,,
308,AUROPHARMA.NS,subset,outside_markets,,,
308,APLLTD.NS,subset,outside_markets,,,
308,CAPLIPOINT.NS,subset,outside_markets,,,
308,CIPLA.NS,subset,outside_markets,,,
308,GRANULES.NS,subset,outside_markets,,,
308,LUPIN.NS,subset,outside_markets,,,
308,STAR.NS,subset,outside_markets,,,
308,SUNPHARMA.NS,subset,outside_markets,,,
308,TORNTPHARM.NS,subset,outside_markets,,,
308,ZYDUSLIFE.NS,subset,outside_markets,,,
313,FRE.DE,subset,outside_markets,,,
314,FRE.DE,subset,outside_markets,,,
315,HIK.L,subset,outside_markets,,,
322,FRE.DE,subset,outside_markets,,,
322,HIK.L,subset,outside_markets,,,
325,FRE.DE,subset,outside_markets,,,
325,HIK.L,subset,outside_markets,,,
331,FRE.DE,subset,outside_markets,,,
332,LUPIN.NS,subset,outside_markets,,,
332,SUNPHARMA.NS,subset,outside_markets,,,
340,FRE.DE,subset,outside_markets,,,
342,FRE.DE,subset,outside_markets,,,
342,HIK.L,subset,outside_markets,,,
348,FRE.DE,subset,outside_markets,,,
352,FRE.DE,subset,outside_markets,,,
354,SUNPHARMA.NS,subset,outside_markets,,,
356,FRE.DE,subset,outside_markets,,,
356,HIK.L,subset,outside_markets,,,
359,FRE.DE,subset,outside_markets,,,
364,FRE.DE,subset,outside_markets,,,
376,FRE.DE,subset,outside_markets,,,
379,HIK.L,subset,outside_markets,,,
394,FRE.DE,subset,outside_markets,,,
408,CIPLA.NS,subset,outside_markets,,,
411,AUROPHARMA.NS,subset,outside_markets,,,
411,LUPIN.NS,subset,outside_markets,,,
414,FRE.DE,subset,outside_markets,,,
414,HIK.L,subset,outside_markets,,,
416,FRE.DE,subset,outside_markets,,,
420,HIK.L,subset,outside_markets,,,
421,FRE.DE,subset,outside_markets,,,
425,FRE.DE,subset,outside_markets,,,
430,SUNPHARMA.NS,subset,outside_markets,,,
468,SUNPHARMA.NS,subset,outside_markets,,,
