date,lot_id,event_id,ticker,country,leg,reason,units,usd_notional,cost
2022-12-29,408:AMPH:placebo,408,AMPH,US,stock,entry,294.36006122689275,8333.333333333334,8.333333333333334
2022-12-29,408:AMPH:placebo,408,SPY,US,hedge,entry,-10.338831572261231,-3781.2332878598186,0.7562466575719637
2022-12-29,408:BAX:placebo,408,BAX,US,stock,entry,176.0564768896156,8333.333333333334,8.333333333333334
2022-12-29,408:BAX:placebo,408,SPY,US,hedge,entry,-13.342724180070423,-4879.850538988896,0.9759701077977792
2022-12-29,408:RDY:placebo,408,RDY,US,stock,entry,827.1478830698185,8333.333333333334,8.333333333333334
2022-12-29,408:RDY:placebo,408,SPY,US,hedge,entry,-11.447123379708223,-4186.570181655868,0.8373140363311735
2023-01-06,408:AMPH:placebo,408,AMPH,US,stock,expiry,-294.36006122689275,-8492.287766395857,8.492287766395856
2023-01-06,408:AMPH:placebo,408,SPY,US,hedge,expiry,10.338831572261231,3826.989916782164,0.7653979833564328
2023-01-06,408:BAX:placebo,408,BAX,US,stock,expiry,-176.0564768896156,-7898.082990037288,7.898082990037289
2023-01-06,408:BAX:placebo,408,SPY,US,hedge,expiry,13.342724180070423,4938.901513448979,0.9877803026897958
2023-01-06,408:RDY:placebo,408,RDY,US,stock,expiry,-827.1478830698185,-8426.068151919386,8.426068151919386
2023-01-06,408:RDY:placebo,408,SPY,US,hedge,expiry,11.447123379708223,4237.231784280182,0.8474463568560364
