lot_id,event_id,ticker,pre_trade_car,note
93:BAX:placebo,93,BAX,0.023810760838031245,descriptive; may include post-listing days; no independent-event t-test
93:ICUI:placebo,93,ICUI,0.017268282983056743,descriptive; may include post-listing days; no independent-event t-test
93:RDY:placebo,93,RDY,-0.12460325652550026,descriptive; may include post-listing days; no independent-event t-test
131:AMPH:placebo,131,AMPH,0.11512093196856829,descriptive; may include post-listing days; no independent-event t-test
131:BAX:placebo,131,BAX,0.038138102859829805,descriptive; may include post-listing days; no independent-event t-test
131:ICUI:placebo,131,ICUI,0.0844757966132996,descriptive; may include post-listing days; no independent-event t-test
131:RDY:placebo,131,RDY,-0.09601965873315256,descriptive; may include post-listing days; no independent-event t-test
131:TEVA:placebo,131,TEVA,-0.03895668755228392,descriptive; may include post-listing days; no independent-event t-test
338:AMPH:placebo,338,AMPH,0.029588524357659705,descriptive; may include post-listing days; no independent-event t-test
338:AMRX:placebo,338,AMRX,-0.16224690490997842,descriptive; may include post-listing days; no independent-event t-test
338:BAX:placebo,338,BAX,0.00883146926598698,descriptive; may include post-listing days; no independent-event t-test
338:ICUI:placebo,338,ICUI,-0.03750967747646128,descriptive; may include post-listing days; no independent-event t-test
338:RDY:placebo,338,RDY,0.09497210855209073,descriptive; may include post-listing days; no independent-event t-test
352:AMPH:placebo,352,AMPH,-0.003532457448736129,descriptive; may include post-listing days; no independent-event t-test
352:AMRX:placebo,352,AMRX,-0.14721878615223266,descriptive; may include post-listing days; no independent-event t-test
352:RDY:placebo,352,RDY,-0.046847716889907236,descriptive; may include post-listing days; no independent-event t-test
352:TEVA:placebo,352,TEVA,-0.14854861979720133,descriptive; may include post-listing days; no independent-event t-test
408:AMPH:placebo,408,AMPH,0.050881751692820845,descriptive; may include post-listing days; no independent-event t-test
408:BAX:placebo,408,BAX,-0.12572567279493416,descriptive; may include post-listing days; no independent-event t-test
408:ICUI:placebo,408,ICUI,0.1686151204377529,descriptive; may include post-listing days; no independent-event t-test
408:RDY:placebo,408,RDY,-0.005345383831338637,descriptive; may include post-listing days; no independent-event t-test
408:TEVA:placebo,408,TEVA,0.045990510428580614,descriptive; may include post-listing days; no independent-event t-test
408:VTRS:placebo,408,VTRS,0.02516685185423191,descriptive; may include post-listing days; no independent-event t-test
413:AMPH:placebo,413,AMPH,0.16444567966943607,descriptive; may include post-listing days; no independent-event t-test
413:AMRX:placebo,413,AMRX,-0.44886132733220646,descriptive; may include post-listing days; no independent-event t-test
413:BAX:placebo,413,BAX,-0.021723994561019637,descriptive; may include post-listing days; no independent-event t-test
413:ICUI:placebo,413,ICUI,-0.08490319542648093,descriptive; may include post-listing days; no independent-event t-test
413:RDY:placebo,413,RDY,0.024861223080989987,descriptive; may include post-listing days; no independent-event t-test
413:VTRS:placebo,413,VTRS,-0.16585817661091953,descriptive; may include post-listing days; no independent-event t-test
430:AMPH:placebo,430,AMPH,-0.10181695510931807,descriptive; may include post-listing days; no independent-event t-test
430:BAX:placebo,430,BAX,-0.09172872869329142,descriptive; may include post-listing days; no independent-event t-test
430:ICUI:placebo,430,ICUI,-0.19952546193413886,descriptive; may include post-listing days; no independent-event t-test
430:VTRS:placebo,430,VTRS,0.09809086412645233,descriptive; may include post-listing days; no independent-event t-test
