event_id,product,ai_key,ticker,country,benchmark,public_date,capture_date,capture_ts,trade_ready_date,known_at,role,company,evidence,control_definition,winner_count,date_uncertain,left_censored,rename_window,spike_week,rename_suspect,weight,hold_days,hedge,evidence_ready_date,first_eligible_date,signal_close,signal_sma60,signal_date,lot_id,trade_date,exit_date,beta,entry_usd,requested_usd,entry_risk_scale,transaction_cost,hedge_carry_cost,net_pnl,net_lot_return,entry_stock_mark,exit_stock_mark,entry_SPY_mark,exit_SPY_mark
93,Trimipramine Maleate (SURMONTIL) Capsules,trimipramine maleate (surmontil) capsules,BAX,US,SPY,2014-10-27,2014-11-19,20141119164018,2014-12-18,2014-11-19T16:40:18+00:00,placebo,,[],FDA-page nonlisted generic-maker control; manufacture absence unverified,1,True,False,False,False,False,0.008333333333333333,5,SPY,2014-11-19,2014-11-20,,,,93:BAX:placebo,2014-12-19,2014-12-29,0.7465668530908831,8333.333333333334,8333.333333333334,1.0,19.159526643716504,0.8559672572027454,-95.2413789854357,-0.011428965478252284,33.659558,33.623403,170.165066,171.977787
93,Trimipramine Maleate (SURMONTIL) Capsules,trimipramine maleate (surmontil) capsules,ICUI,US,SPY,2014-10-27,2014-11-19,20141119164018,2014-12-18,2014-11-19T16:40:18+00:00,placebo,,[],FDA-page nonlisted generic-maker control; manufacture absence unverified,1,True,False,False,False,False,0.008333333333333333,5,SPY,2014-11-19,2014-11-20,,,,93:ICUI:placebo,2014-12-19,2014-12-29,0.6910459569592337,8333.333333333334,8333.333333333334,1.0,18.83519386714089,0.7923104406932919,-228.20202594298482,-0.027384243113158176,83.77,82.29,170.165066,171.977787
93,Trimipramine Maleate (SURMONTIL) Capsules,trimipramine maleate (surmontil) capsules,RDY,US,SPY,2014-10-27,2014-11-19,20141119164018,2014-12-18,2014-11-19T16:40:18+00:00,placebo,,[],FDA-page nonlisted generic-maker control; manufacture absence unverified,1,True,False,False,False,False,0.008333333333333333,5,SPY,2014-11-19,2014-11-20,,,,93:RDY:placebo,2014-12-19,2014-12-29,0.8821825348559444,8333.333333333334,8333.333333333334,1.0,19.53161901504653,1.0114557880336053,-190.17562154125315,-0.022821074584950377,9.089105606079102,8.98950481414795,170.165066,171.977787
131,"Potassium Acetate Injection, USP","potassium acetate injection, usp",AMPH,US,SPY,2016-03-06,2016-03-02,20160302130755,2016-04-04,2016-03-06T23:59:59.999999999+00:00,placebo,,[],FDA-page nonlisted generic-maker control; manufacture absence unverified,1,True,False,False,False,False,0.008333333333333333,5,SPY,2016-03-06,2016-03-07,,,,131:AMPH:placebo,2016-04-05,2016-04-12,1.0057084474590763,8329.05317477942,8329.05317477942,1.0,20.056209763557117,0.8042315066874388,-58.60128536629076,-0.007035767948238932,12.52,12.57,172.60159,174.064639
131,"Potassium Acetate Injection, USP","potassium acetate injection, usp",BAX,US,SPY,2016-03-06,2016-03-02,20160302130755,2016-04-04,2016-03-06T23:59:59.999999999+00:00,placebo,,[],FDA-page nonlisted generic-maker control; manufacture absence unverified,1,True,False,False,False,False,0.008333333333333333,5,SPY,2016-03-06,2016-03-07,,,,131:BAX:placebo,2016-04-05,2016-04-12,0.7936445361241304,8329.05317477942,8329.05317477942,1.0,19.458604475405348,0.6346510687803836,69.04351175016127,0.008289479044175964,35.217627,35.831442,172.60159,174.064639
131,"Potassium Acetate Injection, USP","potassium acetate injection, usp",ICUI,US,SPY,2016-03-06,2016-03-02,20160302130755,2016-04-04,2016-03-06T23:59:59.999999999+00:00,placebo,,[],FDA-page nonlisted generic-maker control; manufacture absence unverified,1,True,False,False,False,False,0.008333333333333333,5,SPY,2016-03-06,2016-03-07,,,,131:ICUI:placebo,2016-04-05,2016-04-12,0.678611496474471,8329.05317477942,8329.05317477942,1.0,18.894750594265773,0.5426629831378533,-101.16229416658042,-0.012145713569569033,100.99,100.58,172.60159,174.064639
131,"Potassium Acetate Injection, USP","potassium acetate injection, usp",RDY,US,SPY,2016-03-06,2016-03-02,20160302130755,2016-04-04,2016-03-06T23:59:59.999999999+00:00,placebo,,[],FDA-page nonlisted generic-maker control; manufacture absence unverified,1,True,False,False,False,False,0.008333333333333333,5,SPY,2016-03-06,2016-03-07,,,,131:RDY:placebo,2016-04-05,2016-04-12,0.7016833296802826,8329.05317477942,8329.05317477942,1.0,19.14907722967972,0.5611127587443232,74.07028631951803,0.008893001973358112,8.252525329589844,8.39452838897705,172.60159,174.064639
131,"Potassium Acetate Injection, USP","potassium acetate injection, usp",TEVA,US,SPY,2016-03-06,2016-03-02,20160302130755,2016-04-04,2016-03-06T23:59:59.999999999+00:00,placebo,,[],FDA-page nonlisted generic-maker control; manufacture absence unverified,1,True,False,False,False,False,0.008333333333333333,5,SPY,2016-03-06,2016-03-07,,,,131:TEVA:placebo,2016-04-05,2016-04-12,0.7266531505910084,8329.05317477942,8329.05317477942,1.0,19.14732188933188,0.5810802918236011,-13.008720320117257,-0.0015618486335887477,51.609619140625,51.96914291381836,172.60159,174.064639
338,Disopyramide Phosphate (Norpace) Capsules,disopyramide phosphate (norpace) capsules,AMPH,US,SPY,2021-04-11,2021-03-29,20210329194917,2021-05-07,2021-04-11T23:59:59.999999999+00:00,placebo,,[],FDA-page nonlisted generic-maker control; manufacture absence unverified,2,True,False,False,False,False,0.008333333333333333,5,SPY,2021-04-11,2021-04-12,,,,338:AMPH:placebo,2021-05-10,2021-05-17,0.6462648973685419,8328.806020597889,8328.806020597889,1.0,19.156713554905757,0.5109042947912531,363.7882881955423,0.04367832403538527,19.15,19.96,388.378152,386.129324
338,Disopyramide Phosphate (Norpace) Capsules,disopyramide phosphate (norpace) capsules,AMRX,US,SPY,2021-04-11,2021-03-29,20210329194917,2021-05-07,2021-04-11T23:59:59.999999999+00:00,placebo,,[],FDA-page nonlisted generic-maker control; manufacture absence unverified,2,True,False,False,False,False,0.008333333333333333,5,SPY,2021-04-11,2021-04-12,,,,338:AMRX:placebo,2021-05-10,2021-05-17,1.3929869962712529,8328.806020597889,8328.806020597889,1.0,22.022144990266913,1.1012249649968269,781.2565641598987,0.09380174808103116,5.31,5.78,388.378152,386.129324
338,Disopyramide Phosphate (Norpace) Capsules,disopyramide phosphate (norpace) capsules,BAX,US,SPY,2021-04-11,2021-03-29,20210329194917,2021-05-07,2021-04-11T23:59:59.999999999+00:00,placebo,,[],FDA-page nonlisted generic-maker control; manufacture absence unverified,2,True,False,False,False,False,0.008333333333333333,5,SPY,2021-04-11,2021-04-12,,,,338:BAX:placebo,2021-05-10,2021-05-17,0.4510475979812345,8328.806020597889,8328.806020597889,1.0,17.805412290888675,0.35657538557672624,-346.9340745010983,-0.041654719012917216,77.859256,74.582487,388.378152,386.129324
338,Disopyramide Phosphate (Norpace) Capsules,disopyramide phosphate (norpace) capsules,ICUI,US,SPY,2021-04-11,2021-03-29,20210329194917,2021-05-07,2021-04-11T23:59:59.999999999+00:00,placebo,,[],FDA-page nonlisted generic-maker control; manufacture absence unverified,2,True,False,False,False,False,0.008333333333333333,5,SPY,2021-04-11,2021-04-12,,,,338:ICUI:placebo,2021-05-10,2021-05-17,0.6950079879087478,8328.806020597889,8328.806020597889,1.0,18.97508887377322,0.5494381133535645,22.738839876520423,0.002730144011072562,199.99,200.2,388.378152,386.129324
338,Disopyramide Phosphate (Norpace) Capsules,disopyramide phosphate (norpace) capsules,RDY,US,SPY,2021-04-11,2021-03-29,20210329194917,2021-05-07,2021-04-11T23:59:59.999999999+00:00,placebo,,[],FDA-page nonlisted generic-maker control; manufacture absence unverified,2,True,False,False,False,False,0.008333333333333333,5,SPY,2021-04-11,2021-04-12,,,,338:RDY:placebo,2021-05-10,2021-05-17,0.5183558137272717,8328.806020597889,8328.806020597889,1.0,18.35645525241833,0.40978585181032146,-16.838961699955075,-0.0020217737882609827,13.621169090270996,13.5834379196167,388.378152,386.129324
352,Mannitol Injection,mannitol injection,AMPH,US,SPY,2021-09-27,2021-10-08,20211008224434,2021-11-05,2021-10-08T22:44:34+00:00,placebo,,[],FDA-page nonlisted generic-maker control; manufacture absence unverified,2,False,False,False,False,False,0.01,5,SPY,2021-10-08,2021-10-11,,,,352:AMPH:placebo,2021-11-08,2021-11-15,0.5401177415241928,10002.607331277775,10002.607331277775,1.0,22.76445319850123,0.5150204126494237,595.6627570369632,0.05955074885068699,19.95,21.15,438.587696,437.184754
352,Mannitol Injection,mannitol injection,AMRX,US,SPY,2021-09-27,2021-10-08,20211008224434,2021-11-05,2021-10-08T22:44:34+00:00,placebo,,[],FDA-page nonlisted generic-maker control; manufacture absence unverified,2,False,False,False,False,False,0.01,5,SPY,2021-10-08,2021-10-11,,,,352:AMRX:placebo,2021-11-08,2021-11-15,0.9835416374892638,10002.607331277775,10002.607331277775,1.0,23.762639820212474,0.9378399949762093,-164.70429178283698,-0.01646613591116517,5.25,5.16,438.587696,437.184754
352,Mannitol Injection,mannitol injection,RDY,US,SPY,2021-09-27,2021-10-08,20211008224434,2021-11-05,2021-10-08T22:44:34+00:00,placebo,,[],FDA-page nonlisted generic-maker control; manufacture absence unverified,2,False,False,False,False,False,0.01,5,SPY,2021-10-08,2021-10-11,,,,352:RDY:placebo,2021-11-08,2021-11-15,0.4984841397992408,10002.607331277775,10002.607331277775,1.0,22.081339715119142,0.47532137465826724,78.25138068467757,0.007823098327571897,12.352428436279297,12.45722198486328,438.587696,437.184754
352,Mannitol Injection,mannitol injection,TEVA,US,SPY,2021-09-27,2021-10-08,20211008224434,2021-11-05,2021-10-08T22:44:34+00:00,placebo,,[],FDA-page nonlisted generic-maker control; manufacture absence unverified,2,False,False,False,False,False,0.01,5,SPY,2021-10-08,2021-10-11,,,,352:TEVA:placebo,2021-11-08,2021-11-15,0.8190035390162361,10002.607331277775,10002.607331277775,1.0,23.405630823866126,0.7809473901656439,130.80712458698363,0.013077302772643557,9.31999969482422,9.4399995803833,438.587696,437.184754
408,Difluprednate Ophthalmic Emulsion,difluprednate ophthalmic emulsion,AMPH,US,SPY,2022-12-24,2022-12-28,20221228160404,2023-01-27,2022-12-28T16:04:04+00:00,placebo,,[],FDA-page nonlisted generic-maker control; manufacture absence unverified,1,False,False,False,False,False,0.008333333333333333,5,SPY,2022-12-28,2022-12-29,,,,408:AMPH:placebo,2023-01-30,2023-02-06,0.4635864442657879,8340.839584152525,8340.839584152525,1.0,18.52431685371849,0.3794540927500294,170.0267810614539,0.02038485206986864,30.29,31.3,382.089145,390.902405
408,Difluprednate Ophthalmic Emulsion,difluprednate ophthalmic emulsion,BAX,US,SPY,2022-12-24,2022-12-28,20221228160404,2023-01-27,2022-12-28T16:04:04+00:00,placebo,,[],FDA-page nonlisted generic-maker control; manufacture absence unverified,1,False,False,False,False,False,0.008333333333333333,5,SPY,2022-12-28,2022-12-29,,,,408:BAX:placebo,2023-01-30,2023-02-06,0.5752055311251383,8340.839584152525,8340.839584152525,1.0,18.626586150921696,0.470816383131235,-126.06553784166503,-0.015114250378485607,41.796264,41.814782,382.089145,390.902405
408,Difluprednate Ophthalmic Emulsion,difluprednate ophthalmic emulsion,ICUI,US,SPY,2022-12-24,2022-12-28,20221228160404,2023-01-27,2022-12-28T16:04:04+00:00,placebo,,[],FDA-page nonlisted generic-maker control; manufacture absence unverified,1,False,False,False,False,False,0.008333333333333333,5,SPY,2022-12-28,2022-12-29,,,,408:ICUI:placebo,2023-01-30,2023-02-06,0.8921156242834636,8340.839584152525,8340.839584152525,1.0,19.737831233734504,0.7302131652635768,-146.6738540722243,-0.017585022777671266,190.95,191.99,382.089145,390.902405
408,Difluprednate Ophthalmic Emulsion,difluprednate ophthalmic emulsion,RDY,US,SPY,2022-12-24,2022-12-28,20221228160404,2023-01-27,2022-12-28T16:04:04+00:00,placebo,,[],FDA-page nonlisted generic-maker control; manufacture absence unverified,1,False,False,False,False,False,0.008333333333333333,5,SPY,2022-12-28,2022-12-29,,,,408:RDY:placebo,2023-01-30,2023-02-06,0.4952280753526908,8340.839584152525,8340.839584152525,1.0,18.265708399754818,0.4053533539681339,-201.2210972419172,-0.024124801251930846,10.3454008102417,10.237153053283691,382.089145,390.902405
408,Difluprednate Ophthalmic Emulsion,difluprednate ophthalmic emulsion,TEVA,US,SPY,2022-12-24,2022-12-28,20221228160404,2023-01-27,2022-12-28T16:04:04+00:00,placebo,,[],FDA-page nonlisted generic-maker control; manufacture absence unverified,1,False,False,False,False,False,0.008333333333333333,5,SPY,2022-12-28,2022-12-29,,,,408:TEVA:placebo,2023-01-30,2023-02-06,1.1018035627894558,8340.839584152525,8340.839584152525,1.0,20.782145669044116,0.9018466274810293,148.4251092259741,0.01779498427328343,10.260000228881836,10.729999542236328,382.089145,390.902405
408,Difluprednate Ophthalmic Emulsion,difluprednate ophthalmic emulsion,VTRS,US,SPY,2022-12-24,2022-12-28,20221228160404,2023-01-27,2022-12-28T16:04:04+00:00,placebo,,[],FDA-page nonlisted generic-maker control; manufacture absence unverified,1,False,False,False,False,False,0.008333333333333333,5,SPY,2022-12-28,2022-12-29,,,,408:VTRS:placebo,2023-01-30,2023-02-06,0.834291582780872,8340.839584152525,8340.839584152525,1.0,19.574100389191173,0.6828831160809348,-103.92352111689644,-0.012459599548509436,10.166179,10.259838,382.089145,390.902405
413,Capecitabine Tablets,capecitabine tablets,AMPH,US,SPY,2023-02-10,2023-02-16,20230216203943,2023-03-17,2023-02-16T20:39:43+00:00,placebo,,[],FDA-page nonlisted generic-maker control; manufacture absence unverified,1,False,False,False,False,False,0.008333333333333333,5,SPY,2023-02-16,2023-02-17,,,,413:AMPH:placebo,2023-03-20,2023-03-27,0.6150186369352602,8338.677649819316,8338.677649819316,1.0,18.892848677361734,0.49303654521854584,101.74830552086591,0.012201971318926162,37.19,37.89,376.989003,379.622009
413,Capecitabine Tablets,capecitabine tablets,AMRX,US,SPY,2023-02-10,2023-02-16,20230216203943,2023-03-17,2023-02-16T20:39:43+00:00,placebo,,[],FDA-page nonlisted generic-maker control; manufacture absence unverified,1,False,False,False,False,False,0.008333333333333333,5,SPY,2023-02-16,2023-02-17,,,,413:AMRX:placebo,2023-03-20,2023-03-27,1.0813542776089544,8338.677649819316,8338.677649819316,1.0,19.48040274770983,0.8668797092822684,-899.6992442242639,-0.10789471448674584,1.43,1.29,376.989003,379.622009
413,Capecitabine Tablets,capecitabine tablets,BAX,US,SPY,2023-02-10,2023-02-16,20230216203943,2023-03-17,2023-02-16T20:39:43+00:00,placebo,,[],FDA-page nonlisted generic-maker control; manufacture absence unverified,1,False,False,False,False,False,0.008333333333333333,5,SPY,2023-02-16,2023-02-17,,,,413:BAX:placebo,2023-03-20,2023-03-27,0.636903547631466,8338.677649819316,8338.677649819316,1.0,19.219639781095896,0.5105808278045866,353.6690985239122,0.042413091544745776,35.612919,37.366055,376.989003,379.622009
413,Capecitabine Tablets,capecitabine tablets,ICUI,US,SPY,2023-02-10,2023-02-16,20230216203943,2023-03-17,2023-02-16T20:39:43+00:00,placebo,,[],FDA-page nonlisted generic-maker control; manufacture absence unverified,1,False,False,False,False,False,0.008333333333333333,5,SPY,2023-02-16,2023-02-17,,,,413:ICUI:placebo,2023-03-20,2023-03-27,0.8843063548797321,8338.677649819316,8338.677649819316,1.0,19.411613094163293,0.708914045755338,-297.24324569362045,-0.03564632885168084,161.51,157.14,376.989003,379.622009
413,Capecitabine Tablets,capecitabine tablets,RDY,US,SPY,2023-02-10,2023-02-16,20230216203943,2023-03-17,2023-02-16T20:39:43+00:00,placebo,,[],FDA-page nonlisted generic-maker control; manufacture absence unverified,1,False,False,False,False,False,0.008333333333333333,5,SPY,2023-02-16,2023-02-17,,,,413:RDY:placebo,2023-03-20,2023-03-27,0.4767528669806809,8338.677649819316,8338.677649819316,1.0,18.373937252565977,0.38219424964179594,54.311204281942366,0.006513167502417988,10.550298690795898,10.677875518798828,376.989003,379.622009
413,Capecitabine Tablets,capecitabine tablets,VTRS,US,SPY,2023-02-10,2023-02-16,20230216203943,2023-03-17,2023-02-16T20:39:43+00:00,placebo,,[],FDA-page nonlisted generic-maker control; manufacture absence unverified,1,False,False,False,False,False,0.008333333333333333,5,SPY,2023-02-16,2023-02-17,,,,413:VTRS:placebo,2023-03-20,2023-03-27,0.7679784572561387,8338.677649819316,8338.677649819316,1.0,19.274370584701682,0.6156584900494535,-38.11701597258397,-0.004571110381441582,8.128488,8.15432,376.989003,379.622009
430,Methylphenidate Hydrochloride Extended Release Tablets,methylphenidate hydrochloride extended release tablets,AMPH,US,SPY,2023-07-29,2023-07-27,20230727195442,2023-08-25,2023-07-29T23:59:59.999999999+00:00,placebo,,[],FDA-page nonlisted generic-maker control; manufacture absence unverified,1,False,False,False,False,False,0.0125,5,SPY,2023-07-29,2023-07-31,,,,430:AMPH:placebo,2023-08-28,2023-09-05,0.5055051806341616,12498.949838509427,12498.949838509427,1.0,27.203792663372937,0.7028724552648121,-460.292504044589,-0.03682649422485254,52.95,51.51,425.498594,431.725966
430,Methylphenidate Hydrochloride Extended Release Tablets,methylphenidate hydrochloride extended release tablets,BAX,US,SPY,2023-07-29,2023-07-27,20230727195442,2023-08-25,2023-07-29T23:59:59.999999999+00:00,placebo,,[],FDA-page nonlisted generic-maker control; manufacture absence unverified,1,False,False,False,False,False,0.0125,5,SPY,2023-07-29,2023-07-31,,,,430:BAX:placebo,2023-08-28,2023-09-05,0.8239083077332469,12498.949838509427,12498.949838509427,1.0,28.430396960361964,1.1455915336872582,-897.1332358245929,-0.07177668903514708,39.118027,36.874525,425.498594,431.725966
430,Methylphenidate Hydrochloride Extended Release Tablets,methylphenidate hydrochloride extended release tablets,ICUI,US,SPY,2023-07-29,2023-07-27,20230727195442,2023-08-25,2023-07-29T23:59:59.999999999+00:00,placebo,,[],FDA-page nonlisted generic-maker control; manufacture absence unverified,1,False,False,False,False,False,0.0125,5,SPY,2023-07-29,2023-07-31,,,,430:ICUI:placebo,2023-08-28,2023-09-05,1.0494076566707546,12498.949838509427,12498.949838509427,1.0,30.35690738705974,1.4591338812641637,-149.7650583729821,-0.011982211330391457,138.47,139.29,425.498594,431.725966
430,Methylphenidate Hydrochloride Extended Release Tablets,methylphenidate hydrochloride extended release tablets,VTRS,US,SPY,2023-07-29,2023-07-27,20230727195442,2023-08-25,2023-07-29T23:59:59.999999999+00:00,placebo,,[],FDA-page nonlisted generic-maker control; manufacture absence unverified,1,False,False,False,False,False,0.0125,5,SPY,2023-07-29,2023-07-31,,,,430:VTRS:placebo,2023-08-28,2023-09-05,0.8529200237717519,12498.949838509427,12498.949838509427,1.0,28.905604681047826,1.1859304597054807,-573.8559216952893,-0.045912330964576864,9.662329,9.362585,425.498594,431.725966
