event_id,product,ai_key,ticker,country,benchmark,public_date,capture_date,capture_ts,trade_ready_date,known_at,role,company,evidence,control_definition,winner_count,date_uncertain,left_censored,rename_window,spike_week,rename_suspect,weight,hold_days,hedge,evidence_ready_date,first_eligible_date,signal_close,signal_sma60,signal_date
93,Trimipramine Maleate (SURMONTIL) Capsules,trimipramine maleate (surmontil) capsules,AMPH,US,SPY,2014-10-27,2014-11-19,20141119164018,2014-12-18,2014-11-19T16:40:18+00:00,placebo,,[],FDA-page nonlisted generic-maker control; manufacture absence unverified,1,True,False,False,False,False,0.008333333333333333,5,SPY,2014-11-19,2014-11-20,,,
93,Trimipramine Maleate (SURMONTIL) Capsules,trimipramine maleate (surmontil) capsules,BAX,US,SPY,2014-10-27,2014-11-19,20141119164018,2014-12-18,2014-11-19T16:40:18+00:00,placebo,,[],FDA-page nonlisted generic-maker control; manufacture absence unverified,1,True,False,False,False,False,0.008333333333333333,5,SPY,2014-11-19,2014-11-20,,,
93,Trimipramine Maleate (SURMONTIL) Capsules,trimipramine maleate (surmontil) capsules,HSP,US,SPY,2014-10-27,2014-11-19,20141119164018,2014-12-18,2014-11-19T16:40:18+00:00,placebo,,[],FDA-page nonlisted generic-maker control; manufacture absence unverified,1,True,False,False,False,False,0.008333333333333333,5,SPY,2014-11-19,2014-11-20,,,
93,Trimipramine Maleate (SURMONTIL) Capsules,trimipramine maleate (surmontil) capsules,ICUI,US,SPY,2014-10-27,2014-11-19,20141119164018,2014-12-18,2014-11-19T16:40:18+00:00,placebo,,[],FDA-page nonlisted generic-maker control; manufacture absence unverified,1,True,False,False,False,False,0.008333333333333333,5,SPY,2014-11-19,2014-11-20,,,
93,Trimipramine Maleate (SURMONTIL) Capsules,trimipramine maleate (surmontil) capsules,MYL,US,SPY,2014-10-27,2014-11-19,20141119164018,2014-12-18,2014-11-19T16:40:18+00:00,placebo,,[],FDA-page nonlisted generic-maker control; manufacture absence unverified,1,True,False,False,False,False,0.008333333333333333,5,SPY,2014-11-19,2014-11-20,,,
93,Trimipramine Maleate (SURMONTIL) Capsules,trimipramine maleate (surmontil) capsules,RDY,US,SPY,2014-10-27,2014-11-19,20141119164018,2014-12-18,2014-11-19T16:40:18+00:00,placebo,,[],FDA-page nonlisted generic-maker control; manufacture absence unverified,1,True,False,False,False,False,0.008333333333333333,5,SPY,2014-11-19,2014-11-20,,,
131,"Potassium Acetate Injection, USP","potassium acetate injection, usp",AMPH,US,SPY,2016-03-06,2016-03-02,20160302130755,2016-04-04,2016-03-06T23:59:59.999999999+00:00,placebo,,[],FDA-page nonlisted generic-maker control; manufacture absence unverified,1,True,False,False,False,False,0.008333333333333333,5,SPY,2016-03-06,2016-03-07,,,
131,"Potassium Acetate Injection, USP","potassium acetate injection, usp",BAX,US,SPY,2016-03-06,2016-03-02,20160302130755,2016-04-04,2016-03-06T23:59:59.999999999+00:00,placebo,,[],FDA-page nonlisted generic-maker control; manufacture absence unverified,1,True,False,False,False,False,0.008333333333333333,5,SPY,2016-03-06,2016-03-07,,,
131,"Potassium Acetate Injection, USP","potassium acetate injection, usp",ICUI,US,SPY,2016-03-06,2016-03-02,20160302130755,2016-04-04,2016-03-06T23:59:59.999999999+00:00,placebo,,[],FDA-page nonlisted generic-maker control; manufacture absence unverified,1,True,False,False,False,False,0.008333333333333333,5,SPY,2016-03-06,2016-03-07,,,
131,"Potassium Acetate Injection, USP","potassium acetate injection, usp",MYL,US,SPY,2016-03-06,2016-03-02,20160302130755,2016-04-04,2016-03-06T23:59:59.999999999+00:00,placebo,,[],FDA-page nonlisted generic-maker control; manufacture absence unverified,1,True,False,False,False,False,0.008333333333333333,5,SPY,2016-03-06,2016-03-07,,,
131,"Potassium Acetate Injection, USP","potassium acetate injection, usp",RDY,US,SPY,2016-03-06,2016-03-02,20160302130755,2016-04-04,2016-03-06T23:59:59.999999999+00:00,placebo,,[],FDA-page nonlisted generic-maker control; manufacture absence unverified,1,True,False,False,False,False,0.008333333333333333,5,SPY,2016-03-06,2016-03-07,,,
131,"Potassium Acetate Injection, USP","potassium acetate injection, usp",TEVA,US,SPY,2016-03-06,2016-03-02,20160302130755,2016-04-04,2016-03-06T23:59:59.999999999+00:00,placebo,,[],FDA-page nonlisted generic-maker control; manufacture absence unverified,1,True,False,False,False,False,0.008333333333333333,5,SPY,2016-03-06,2016-03-07,,,
338,Disopyramide Phosphate (Norpace) Capsules,disopyramide phosphate (norpace) capsules,AMPH,US,SPY,2021-04-11,2021-03-29,20210329194917,2021-05-07,2021-04-11T23:59:59.999999999+00:00,placebo,,[],FDA-page nonlisted generic-maker control; manufacture absence unverified,2,True,False,False,False,False,0.008333333333333333,5,SPY,2021-04-11,2021-04-12,,,
338,Disopyramide Phosphate (Norpace) Capsules,disopyramide phosphate (norpace) capsules,AMRX,US,SPY,2021-04-11,2021-03-29,20210329194917,2021-05-07,2021-04-11T23:59:59.999999999+00:00,placebo,,[],FDA-page nonlisted generic-maker control; manufacture absence unverified,2,True,False,False,False,False,0.008333333333333333,5,SPY,2021-04-11,2021-04-12,,,
338,Disopyramide Phosphate (Norpace) Capsules,disopyramide phosphate (norpace) capsules,BAX,US,SPY,2021-04-11,2021-03-29,20210329194917,2021-05-07,2021-04-11T23:59:59.999999999+00:00,placebo,,[],FDA-page nonlisted generic-maker control; manufacture absence unverified,2,True,False,False,False,False,0.008333333333333333,5,SPY,2021-04-11,2021-04-12,,,
338,Disopyramide Phosphate (Norpace) Capsules,disopyramide phosphate (norpace) capsules,ICUI,US,SPY,2021-04-11,2021-03-29,20210329194917,2021-05-07,2021-04-11T23:59:59.999999999+00:00,placebo,,[],FDA-page nonlisted generic-maker control; manufacture absence unverified,2,True,False,False,False,False,0.008333333333333333,5,SPY,2021-04-11,2021-04-12,,,
338,Disopyramide Phosphate (Norpace) Capsules,disopyramide phosphate (norpace) capsules,RDY,US,SPY,2021-04-11,2021-03-29,20210329194917,2021-05-07,2021-04-11T23:59:59.999999999+00:00,placebo,,[],FDA-page nonlisted generic-maker control; manufacture absence unverified,2,True,False,False,False,False,0.008333333333333333,5,SPY,2021-04-11,2021-04-12,,,
338,Disopyramide Phosphate (Norpace) Capsules,disopyramide phosphate (norpace) capsules,VTRS,US,SPY,2021-04-11,2021-03-29,20210329194917,2021-05-07,2021-04-11T23:59:59.999999999+00:00,placebo,,[],FDA-page nonlisted generic-maker control; manufacture absence unverified,2,True,False,False,False,False,0.008333333333333333,5,SPY,2021-04-11,2021-04-12,,,
352,Mannitol Injection,mannitol injection,AMPH,US,SPY,2021-09-27,2021-10-08,20211008224434,2021-11-05,2021-10-08T22:44:34+00:00,placebo,,[],FDA-page nonlisted generic-maker control; manufacture absence unverified,2,False,False,False,False,False,0.01,5,SPY,2021-10-08,2021-10-11,,,
352,Mannitol Injection,mannitol injection,AMRX,US,SPY,2021-09-27,2021-10-08,20211008224434,2021-11-05,2021-10-08T22:44:34+00:00,placebo,,[],FDA-page nonlisted generic-maker control; manufacture absence unverified,2,False,False,False,False,False,0.01,5,SPY,2021-10-08,2021-10-11,,,
352,Mannitol Injection,mannitol injection,RDY,US,SPY,2021-09-27,2021-10-08,20211008224434,2021-11-05,2021-10-08T22:44:34+00:00,placebo,,[],FDA-page nonlisted generic-maker control; manufacture absence unverified,2,False,False,False,False,False,0.01,5,SPY,2021-10-08,2021-10-11,,,
352,Mannitol Injection,mannitol injection,TEVA,US,SPY,2021-09-27,2021-10-08,20211008224434,2021-11-05,2021-10-08T22:44:34+00:00,placebo,,[],FDA-page nonlisted generic-maker control; manufacture absence unverified,2,False,False,False,False,False,0.01,5,SPY,2021-10-08,2021-10-11,,,
352,Mannitol Injection,mannitol injection,VTRS,US,SPY,2021-09-27,2021-10-08,20211008224434,2021-11-05,2021-10-08T22:44:34+00:00,placebo,,[],FDA-page nonlisted generic-maker control; manufacture absence unverified,2,False,False,False,False,False,0.01,5,SPY,2021-10-08,2021-10-11,,,
408,Difluprednate Ophthalmic Emulsion,difluprednate ophthalmic emulsion,AMPH,US,SPY,2022-12-24,2022-12-28,20221228160404,2023-01-27,2022-12-28T16:04:04+00:00,placebo,,[],FDA-page nonlisted generic-maker control; manufacture absence unverified,1,False,False,False,False,False,0.008333333333333333,5,SPY,2022-12-28,2022-12-29,,,
408,Difluprednate Ophthalmic Emulsion,difluprednate ophthalmic emulsion,BAX,US,SPY,2022-12-24,2022-12-28,20221228160404,2023-01-27,2022-12-28T16:04:04+00:00,placebo,,[],FDA-page nonlisted generic-maker control; manufacture absence unverified,1,False,False,False,False,False,0.008333333333333333,5,SPY,2022-12-28,2022-12-29,,,
408,Difluprednate Ophthalmic Emulsion,difluprednate ophthalmic emulsion,ICUI,US,SPY,2022-12-24,2022-12-28,20221228160404,2023-01-27,2022-12-28T16:04:04+00:00,placebo,,[],FDA-page nonlisted generic-maker control; manufacture absence unverified,1,False,False,False,False,False,0.008333333333333333,5,SPY,2022-12-28,2022-12-29,,,
408,Difluprednate Ophthalmic Emulsion,difluprednate ophthalmic emulsion,RDY,US,SPY,2022-12-24,2022-12-28,20221228160404,2023-01-27,2022-12-28T16:04:04+00:00,placebo,,[],FDA-page nonlisted generic-maker control; manufacture absence unverified,1,False,False,False,False,False,0.008333333333333333,5,SPY,2022-12-28,2022-12-29,,,
408,Difluprednate Ophthalmic Emulsion,difluprednate ophthalmic emulsion,TEVA,US,SPY,2022-12-24,2022-12-28,20221228160404,2023-01-27,2022-12-28T16:04:04+00:00,placebo,,[],FDA-page nonlisted generic-maker control; manufacture absence unverified,1,False,False,False,False,False,0.008333333333333333,5,SPY,2022-12-28,2022-12-29,,,
408,Difluprednate Ophthalmic Emulsion,difluprednate ophthalmic emulsion,VTRS,US,SPY,2022-12-24,2022-12-28,20221228160404,2023-01-27,2022-12-28T16:04:04+00:00,placebo,,[],FDA-page nonlisted generic-maker control; manufacture absence unverified,1,False,False,False,False,False,0.008333333333333333,5,SPY,2022-12-28,2022-12-29,,,
413,Capecitabine Tablets,capecitabine tablets,AMPH,US,SPY,2023-02-10,2023-02-16,20230216203943,2023-03-17,2023-02-16T20:39:43+00:00,placebo,,[],FDA-page nonlisted generic-maker control; manufacture absence unverified,1,False,False,False,False,False,0.008333333333333333,5,SPY,2023-02-16,2023-02-17,,,
413,Capecitabine Tablets,capecitabine tablets,AMRX,US,SPY,2023-02-10,2023-02-16,20230216203943,2023-03-17,2023-02-16T20:39:43+00:00,placebo,,[],FDA-page nonlisted generic-maker control; manufacture absence unverified,1,False,False,False,False,False,0.008333333333333333,5,SPY,2023-02-16,2023-02-17,,,
413,Capecitabine Tablets,capecitabine tablets,BAX,US,SPY,2023-02-10,2023-02-16,20230216203943,2023-03-17,2023-02-16T20:39:43+00:00,placebo,,[],FDA-page nonlisted generic-maker control; manufacture absence unverified,1,False,False,False,False,False,0.008333333333333333,5,SPY,2023-02-16,2023-02-17,,,
413,Capecitabine Tablets,capecitabine tablets,ICUI,US,SPY,2023-02-10,2023-02-16,20230216203943,2023-03-17,2023-02-16T20:39:43+00:00,placebo,,[],FDA-page nonlisted generic-maker control; manufacture absence unverified,1,False,False,False,False,False,0.008333333333333333,5,SPY,2023-02-16,2023-02-17,,,
413,Capecitabine Tablets,capecitabine tablets,RDY,US,SPY,2023-02-10,2023-02-16,20230216203943,2023-03-17,2023-02-16T20:39:43+00:00,placebo,,[],FDA-page nonlisted generic-maker control; manufacture absence unverified,1,False,False,False,False,False,0.008333333333333333,5,SPY,2023-02-16,2023-02-17,,,
413,Capecitabine Tablets,capecitabine tablets,VTRS,US,SPY,2023-02-10,2023-02-16,20230216203943,2023-03-17,2023-02-16T20:39:43+00:00,placebo,,[],FDA-page nonlisted generic-maker control; manufacture absence unverified,1,False,False,False,False,False,0.008333333333333333,5,SPY,2023-02-16,2023-02-17,,,
430,Methylphenidate Hydrochloride Extended Release Tablets,methylphenidate hydrochloride extended release tablets,AMPH,US,SPY,2023-07-29,2023-07-27,20230727195442,2023-08-25,2023-07-29T23:59:59.999999999+00:00,placebo,,[],FDA-page nonlisted generic-maker control; manufacture absence unverified,1,False,False,False,False,False,0.0125,5,SPY,2023-07-29,2023-07-31,,,
430,Methylphenidate Hydrochloride Extended Release Tablets,methylphenidate hydrochloride extended release tablets,BAX,US,SPY,2023-07-29,2023-07-27,20230727195442,2023-08-25,2023-07-29T23:59:59.999999999+00:00,placebo,,[],FDA-page nonlisted generic-maker control; manufacture absence unverified,1,False,False,False,False,False,0.0125,5,SPY,2023-07-29,2023-07-31,,,
430,Methylphenidate Hydrochloride Extended Release Tablets,methylphenidate hydrochloride extended release tablets,ICUI,US,SPY,2023-07-29,2023-07-27,20230727195442,2023-08-25,2023-07-29T23:59:59.999999999+00:00,placebo,,[],FDA-page nonlisted generic-maker control; manufacture absence unverified,1,False,False,False,False,False,0.0125,5,SPY,2023-07-29,2023-07-31,,,
430,Methylphenidate Hydrochloride Extended Release Tablets,methylphenidate hydrochloride extended release tablets,VTRS,US,SPY,2023-07-29,2023-07-27,20230727195442,2023-08-25,2023-07-29T23:59:59.999999999+00:00,placebo,,[],FDA-page nonlisted generic-maker control; manufacture absence unverified,1,False,False,False,False,False,0.0125,5,SPY,2023-07-29,2023-07-31,,,
