event_id,ticker,weight,rule,evidence_ready_date,reason
93,AMPH,0.008333333333333333,delay20_hold5,2014-11-19,request_selected
93,BAX,0.008333333333333333,delay20_hold5,2014-11-19,request_selected
93,HSP,0.008333333333333333,delay20_hold5,2014-11-19,request_selected
93,ICUI,0.008333333333333333,delay20_hold5,2014-11-19,request_selected
93,MYL,0.008333333333333333,delay20_hold5,2014-11-19,request_selected
93,RDY,0.008333333333333333,delay20_hold5,2014-11-19,request_selected
131,AMPH,0.008333333333333333,delay20_hold5,2016-03-06,request_selected
131,BAX,0.008333333333333333,delay20_hold5,2016-03-06,request_selected
131,ICUI,0.008333333333333333,delay20_hold5,2016-03-06,request_selected
131,MYL,0.008333333333333333,delay20_hold5,2016-03-06,request_selected
131,RDY,0.008333333333333333,delay20_hold5,2016-03-06,request_selected
131,TEVA,0.008333333333333333,delay20_hold5,2016-03-06,request_selected
338,AMPH,0.008333333333333333,delay20_hold5,2021-04-11,request_selected
338,AMRX,0.008333333333333333,delay20_hold5,2021-04-11,request_selected
338,BAX,0.008333333333333333,delay20_hold5,2021-04-11,request_selected
338,ICUI,0.008333333333333333,delay20_hold5,2021-04-11,request_selected
338,RDY,0.008333333333333333,delay20_hold5,2021-04-11,request_selected
338,VTRS,0.008333333333333333,delay20_hold5,2021-04-11,request_selected
352,AMPH,0.01,delay20_hold5,2021-10-08,request_selected
352,AMRX,0.01,delay20_hold5,2021-10-08,request_selected
352,RDY,0.01,delay20_hold5,2021-10-08,request_selected
352,TEVA,0.01,delay20_hold5,2021-10-08,request_selected
352,VTRS,0.01,delay20_hold5,2021-10-08,request_selected
408,AMPH,0.008333333333333333,delay20_hold5,2022-12-28,request_selected
408,BAX,0.008333333333333333,delay20_hold5,2022-12-28,request_selected
408,ICUI,0.008333333333333333,delay20_hold5,2022-12-28,request_selected
408,RDY,0.008333333333333333,delay20_hold5,2022-12-28,request_selected
408,TEVA,0.008333333333333333,delay20_hold5,2022-12-28,request_selected
408,VTRS,0.008333333333333333,delay20_hold5,2022-12-28,request_selected
413,AMPH,0.008333333333333333,delay20_hold5,2023-02-16,request_selected
413,AMRX,0.008333333333333333,delay20_hold5,2023-02-16,request_selected
413,BAX,0.008333333333333333,delay20_hold5,2023-02-16,request_selected
413,ICUI,0.008333333333333333,delay20_hold5,2023-02-16,request_selected
413,RDY,0.008333333333333333,delay20_hold5,2023-02-16,request_selected
413,VTRS,0.008333333333333333,delay20_hold5,2023-02-16,request_selected
430,AMPH,0.0125,delay20_hold5,2023-07-29,request_selected
430,BAX,0.0125,delay20_hold5,2023-07-29,request_selected
430,ICUI,0.0125,delay20_hold5,2023-07-29,request_selected
430,VTRS,0.0125,delay20_hold5,2023-07-29,request_selected
