variant,source,bundle,events,positions,total_return,annualized_return,annualized_volatility,sharpe,sharpe_costs_x2,max_drawdown,win_rate,avg_lot_return,placebo_sharpe,winner_p,winner_minus_placebo_p
primary,rerun,39e9a7fea7c1,17,19,-0.05605788695982161,-0.00556628668833925,0.009240723469137117,-0.5835018086513907,-0.6063918075595468,-0.06639890056454734,0.3684210526315789,-0.049711697307750026,0.12049445014106762,0.15948221304186874,0.12351158378440466
capture60,rerun,0d901858445a,27,30,-0.06881206941600282,-0.006874327367710542,0.012108758623164878,-0.5485985164554418,-0.5754828798151645,-0.08693245670483574,0.4,-0.045804264858773286,0.024911963810864267,0.1588005554291119,0.1594312358378032
allocation,rerun,6bfbeb4bead6,18,20,-0.05097493306019074,-0.005049434843559353,0.01003481171537648,-0.4861500177401965,-0.5092202792372185,-0.0694199552800967,0.4,-0.041752638652207755,0.21475707119537793,0.2181033106004782,0.11422568248753523
certain_dates,rerun,e7931ab84cce,12,13,-0.052746133379724,-0.0052292519924032055,0.00884155307026918,-0.5729373670331824,-0.5922358690471224,-0.06253754138987444,0.23076923076923078,-0.0849471551797154,0.02559580385889093,0.17729150068277735,0.19785441255992875
all_flags,rerun,ca85cdb39904,19,22,-0.06426375763245262,-0.00640601647751704,0.009352375231270613,-0.6643702718008064,-0.687713601992498,-0.07730032245024165,0.3181818181818182,-0.05731846920933943,0.062462587224522755,0.11365401844374386,0.1087910829357202
hold20,rerun,6952de6102f3,17,19,-0.021016527855335143,-0.0020530153856048727,0.004549881485485039,-0.4375099645024436,-0.47646022482329853,-0.03071392393806427,0.5789473684210527,-0.017902722000626523,0.09584059777127628,0.1678044042186065,0.1100011106067537
hold40,rerun,a5f7e3c369ce,17,19,-0.02689987623163359,-0.00263486609086494,0.007290054219204523,-0.34872438214069157,-0.3752733479708627,-0.04399734927199317,0.47368421052631576,-0.018548575562677732,0.17188397759092167,0.252430318192591,0.20263575855132152
hold120,rerun,bf56435f613b,17,19,-0.02108083537655603,-0.0020593581712261555,0.01275641882186874,-0.15096890636716814,-0.1715070954827014,-0.06633233710828468,0.5263157894736842,-0.0022031968490948332,0.26880376302613446,0.5567386663915314,0.17405393814870884
all_markets,rerun,df351f8d4045,25,35,-0.024669517871407254,-0.002413915359873897,0.012306932041816163,-0.18505269664397425,-0.21826239384413854,-0.06679002556428393,0.5142857142857142,-0.0033489539751115926,0.22126934722653965,0.5690245057129963,0.13086267980608607
final_candidate/reference_mix,committed,20261004T045406Z_8db48a,7,8,0.010942941790796246,0.001053587417191526,0.0019759414864370653,0.5346355100677379,0.4945869683342007,-0.0021946155776620957,0.75,0.02844357039609521,,0.2793737286910134,0.2073410249679962
final_candidate/webull_only,committed,20261004T045406Z_8db48a,3,4,0.010396787518692996,0.0010012484352690532,0.0016467078542190244,0.6093710720497879,0.591268682542075,-0.0022178902603996464,1.0,0.05405219511639808,,0.26238975761073324,0.2787899819386649
