vendor_policy,rule,cost_multiplier,status,annualized_return,annualized_volatility,sharpe,max_drawdown,annualized_turnover,positions,events,active_days,tickers,unique_exposures,average_net_lot_return,median_net_lot_return,profitable_lots,winner_p,paired_mean_daily,paired_p,all_company_omission_means_positive,control_positions,control_events,winner_p_bonferroni_lower_bound
reference_mix,delay20_hold5,1,completed,0.001053587417191526,0.0019759414864370653,0.5346355100677379,-0.0021946155776620957,0.1287360863667545,8,7,35,5,8,0.028357807934198728,0.009317649374324296,6,0.2793737286910134,5.023543608632158e-06,0.20734102496799622,True,33,7,1.0
reference_mix,delay20_hold5,2,completed,0.000969530838473176,0.0019658893110531296,0.49458696833420074,-0.002196215467474283,0.1287324899415241,8,7,35,5,8,0.0259053664428119,0.0070097631852814556,6,0.3112150761724111,4.963038690716268e-06,0.212227728574864,True,33,7,1.0
reference_mix,below_sma60_hold5,1,completed,0.00012304108203475828,0.0014221248927288874,0.08734105348834763,-0.004254923599518734,0.055480697695321296,3,3,15,3,3,0.008595492671745952,5.896746243561167e-05,2,0.8285619666196875,3.078239875824474e-07,0.8999478879064188,False,8,3,1.0
reference_mix,below_sma60_hold5,2,completed,8.717705739802462e-05,0.0014365755219067787,0.06148079090002677,-0.004493844678918557,0.055482788426298675,3,3,15,3,3,0.006123422037736488,-0.002365684233774374,1,0.8770539511523067,2.2546012072161688e-07,0.9265743681683938,False,8,3,1.0
reference_mix,below_sma60_disrupted_hold5,1,completed,0.0004640509773745638,0.0011308008311071746,0.4113979489900073,-0.0006672661516334832,0.019695893035304116,1,1,5,1,1,0.09613096794346614,0.09613096794346614,1,0.31053148549762444,1.9980416206708776e-06,0.3084443893751478,False,3,1,1.0
reference_mix,below_sma60_disrupted_hold5,2,completed,0.000451478790838733,0.001134420910830211,0.39899634387185245,-0.0007330211125544661,0.01969632490469812,1,1,5,1,1,0.09352107292747744,0.09352107292747744,1,0.3110325131011818,1.9698055022524243e-06,0.3086411232422343,False,3,1,1.0
webull_only,delay20_hold5,1,completed,0.0010012484352690532,0.0016467078542190244,0.6093710720497879,-0.0022178902603996464,0.0523384414171875,4,3,15,4,4,0.053986133506171485,0.00931764937432426,4,0.26238975761073324,3.930437535916652e-06,0.2787899819386649,True,9,3,1.0
webull_only,delay20_hold5,2,completed,0.0009656288449280126,0.0016368313598109955,0.591268682542075,-0.0023350558166229662,0.052340005669463306,4,3,15,4,4,0.051581923957432926,0.007009763185281357,4,0.27281535796853107,3.8608770076163485e-06,0.28466172833884473,True,9,3,1.0
webull_only,below_sma60_hold5,1,completed,0.00046433637911791337,0.0011950794990413782,0.389571999696062,-0.0007373463164841443,0.037495984552148635,2,2,10,2,2,0.048094967702950936,0.048094967702950936,2,0.31036602683149733,1.8416709012202547e-06,0.35274930080291633,True,4,2,1.0
webull_only,below_sma60_hold5,2,completed,0.0004400284271766086,0.0012023730693297566,0.36698126645854545,-0.0008577099761817308,0.03749818502599373,2,2,10,2,2,0.04557769434685156,0.04557769434685156,1,0.32402449209654505,1.7751689295130438e-06,0.36301888281964445,False,4,2,1.0
webull_only,below_sma60_disrupted_hold5,1,completed,0.0004640509773745638,0.0011308008311071746,0.4113979489900073,-0.0006672661516334832,0.019695893035304116,1,1,5,1,1,0.09613096794346614,0.09613096794346614,1,0.31053148549762444,2.0069390564251216e-06,0.30835904912849915,False,2,1,1.0
webull_only,below_sma60_disrupted_hold5,2,completed,0.000451478790838733,0.001134420910830211,0.39899634387185245,-0.0007330211125544661,0.01969632490469812,1,1,5,1,1,0.09352107292747744,0.09352107292747744,1,0.3110325131011818,1.9714351800299596e-06,0.3086042314948994,False,2,1,1.0
