ticker,event_id,reason
RDY,84,no 8-K Item 2.02 dates (6-K filer or pre-2018 Teva)
TEVA,84,no 8-K Item 2.02 within 120 days
RDY,85,no 8-K Item 2.02 dates (6-K filer or pre-2018 Teva)
TEVA,85,no 8-K Item 2.02 within 120 days
RDY,86,no 8-K Item 2.02 dates (6-K filer or pre-2018 Teva)
TEVA,86,no 8-K Item 2.02 within 120 days
RDY,88,no 8-K Item 2.02 dates (6-K filer or pre-2018 Teva)
TEVA,88,no 8-K Item 2.02 within 120 days
TEVA,93,no 8-K Item 2.02 within 120 days
RDY,93,no 8-K Item 2.02 dates (6-K filer or pre-2018 Teva)
RDY,105,no 8-K Item 2.02 dates (6-K filer or pre-2018 Teva)
TEVA,105,no 8-K Item 2.02 within 120 days
RDY,131,no 8-K Item 2.02 dates (6-K filer or pre-2018 Teva)
TEVA,131,no 8-K Item 2.02 within 120 days
RDY,132,no 8-K Item 2.02 dates (6-K filer or pre-2018 Teva)
TEVA,132,no 8-K Item 2.02 within 120 days
RDY,133,no 8-K Item 2.02 dates (6-K filer or pre-2018 Teva)
TEVA,133,no 8-K Item 2.02 within 120 days
TEVA,134,no 8-K Item 2.02 within 120 days
RDY,135,no 8-K Item 2.02 dates (6-K filer or pre-2018 Teva)
TEVA,135,no 8-K Item 2.02 within 120 days
TEVA,136,no 8-K Item 2.02 within 120 days
RDY,136,no 8-K Item 2.02 dates (6-K filer or pre-2018 Teva)
TEVA,137,no 8-K Item 2.02 within 120 days
RDY,285,no 8-K Item 2.02 dates (6-K filer or pre-2018 Teva)
RDY,298,no 8-K Item 2.02 dates (6-K filer or pre-2018 Teva)
RDY,308,no 8-K Item 2.02 dates (6-K filer or pre-2018 Teva)
RDY,321,no 8-K Item 2.02 dates (6-K filer or pre-2018 Teva)
RDY,338,no 8-K Item 2.02 dates (6-K filer or pre-2018 Teva)
RDY,348,no 8-K Item 2.02 dates (6-K filer or pre-2018 Teva)
RDY,352,no 8-K Item 2.02 dates (6-K filer or pre-2018 Teva)
RDY,378,no 8-K Item 2.02 dates (6-K filer or pre-2018 Teva)
RDY,408,no 8-K Item 2.02 dates (6-K filer or pre-2018 Teva)
RDY,413,no 8-K Item 2.02 dates (6-K filer or pre-2018 Teva)
RDY,414,no 8-K Item 2.02 dates (6-K filer or pre-2018 Teva)
RDY,425,no 8-K Item 2.02 dates (6-K filer or pre-2018 Teva)
RDY,430,no 8-K Item 2.02 dates (6-K filer or pre-2018 Teva)
