role,event_id,ticker,entry,announcement,reaction,baseline,baseline_n,aer
disrupted,79,BAX,2014-08-18,2014-10-16,-0.02640111496372168,-0.0082460918561408,45,-0.01815502310758088
control,84,BAX,2014-10-28,2015-01-29,0.007825268991247376,-0.0082460918561408,45,0.016071360847388173
control,84,ICUI,2014-10-28,2014-11-10,0.11904244790363408,0.002088793465362881,41,0.1169536544382712
control,85,BAX,2014-10-28,2015-01-29,0.007825268991247376,-0.0082460918561408,45,0.016071360847388173
control,85,ICUI,2014-10-28,2014-11-10,0.11904244790363408,0.002088793465362881,41,0.1169536544382712
control,86,BAX,2014-11-21,2015-01-29,0.007825268991247376,-0.0082460918561408,45,0.016071360847388173
control,86,ICUI,2014-11-21,2015-02-09,0.046168381146995084,0.002088793465362881,41,0.044079587681632205
disrupted,88,BAX,2014-10-28,2015-01-29,0.007825268991247376,-0.0082460918561408,45,0.016071360847388173
control,88,ICUI,2014-10-28,2014-11-10,0.11904244790363408,0.002088793465362881,41,0.1169536544382712
control,93,BAX,2014-11-20,2015-01-29,0.007825268991247376,-0.0082460918561408,45,0.016071360847388173
control,93,ICUI,2014-11-20,2015-02-09,0.046168381146995084,0.002088793465362881,41,0.044079587681632205
disrupted,94,BAX,2014-10-28,2015-01-29,0.007825268991247376,-0.0082460918561408,45,0.016071360847388173
control,105,BAX,2015-02-23,2015-04-23,0.007813402158541021,-0.0082460918561408,45,0.01605949401468182
control,105,ICUI,2015-02-23,2015-05-05,0.08771056692689493,0.002088793465362881,41,0.08562177346153205
disrupted,118,PFE,2015-09-08,2015-10-27,0.03468999621156219,-0.008526496706993982,41,0.04321649291855617
winner,131,PFE,2016-03-07,2016-05-03,0.026564142293808636,-0.008526496706993982,41,0.035090639000802615
control,131,AMPH,2016-03-07,2016-03-14,0.12990189184042333,0.006881231786377301,37,0.12302066005404604
control,131,BAX,2016-03-07,2016-04-26,0.018395295402149535,-0.0082460918561408,45,0.026641387258290336
control,131,ICUI,2016-03-07,2016-05-10,0.003106723820920987,0.002088793465362881,41,0.0010179303555581062
winner,132,PFE,2016-03-07,2016-05-03,0.026564142293808636,-0.008526496706993982,41,0.035090639000802615
control,132,AMPH,2016-03-07,2016-03-14,0.12990189184042333,0.006881231786377301,37,0.12302066005404604
control,132,BAX,2016-03-07,2016-04-26,0.018395295402149535,-0.0082460918561408,45,0.026641387258290336
control,132,ICUI,2016-03-07,2016-05-10,0.003106723820920987,0.002088793465362881,41,0.0010179303555581062
winner,133,PFE,2016-03-07,2016-05-03,0.026564142293808636,-0.008526496706993982,41,0.035090639000802615
control,133,BAX,2016-03-07,2016-04-26,0.018395295402149535,-0.0082460918561408,45,0.026641387258290336
control,133,ICUI,2016-03-07,2016-05-10,0.003106723820920987,0.002088793465362881,41,0.0010179303555581062
winner,135,PFE,2016-03-28,2016-05-03,0.026564142293808636,-0.008526496706993982,41,0.035090639000802615
control,135,AMPH,2016-03-28,2016-05-09,0.08191186759689395,0.006881231786377301,37,0.07503063581051665
control,135,BAX,2016-03-28,2016-04-26,0.018395295402149535,-0.0082460918561408,45,0.026641387258290336
control,135,ICUI,2016-03-28,2016-05-10,0.003106723820920987,0.002088793465362881,41,0.0010179303555581062
control,136,AMPH,2016-05-03,2016-05-09,0.08191186759689395,0.006881231786377301,37,0.07503063581051665
control,136,BAX,2016-05-03,2016-07-26,0.04600796864637556,-0.0082460918561408,45,0.05425406050251636
control,136,ICUI,2016-05-03,2016-05-10,0.003106723820920987,0.002088793465362881,41,0.0010179303555581062
disrupted,137,PFE,2016-05-03,2016-08-02,-0.031908233350480514,-0.008526496706993982,41,-0.02338173664348653
disrupted,138,PFE,2016-05-11,2016-08-02,-0.031908233350480514,-0.008526496706993982,41,-0.02338173664348653
disrupted,139,PFE,2016-05-12,2016-08-02,-0.031908233350480514,-0.008526496706993982,41,-0.02338173664348653
disrupted,143,PFE,2016-09-07,2016-11-01,-0.031808151986337865,-0.008526496706993982,41,-0.023281655279343883
disrupted,274,PFE,2019-10-21,2019-10-29,0.04059720805475119,-0.008526496706993982,41,0.04912370476174517
disrupted,279,PFE,2019-11-11,2020-01-28,-0.05146494121593576,-0.008526496706993982,41,-0.042938444508941784
control,285,AMPH,2020-03-13,2020-05-07,0.07189209267252797,0.006881231786377301,37,0.06501086088615067
control,285,AMRX,2020-03-13,2020-05-11,0.20717869931362393,0.0017886983798188838,25,0.20539000093380505
control,285,BAX,2020-03-13,2020-03-17,0.13670561226128397,-0.0082460918561408,45,0.14495170411742478
control,285,ICUI,2020-03-13,2020-05-07,-0.10285915867070838,0.002088793465362881,41,-0.10494795213607126
control,285,TEVA,2020-03-13,2020-05-07,0.09367453384929628,0.014559565256084744,23,0.07911496859321153
disrupted,286,TEVA,2020-03-16,2020-05-07,0.09367453384929628,0.014559565256084744,23,0.07911496859321153
winner,298,PFE,2020-05-04,2020-07-28,0.03292680284601782,-0.008526496706993982,41,0.0414532995530118
disrupted,298,TEVA,2020-05-04,2020-05-07,0.09367453384929628,0.014559565256084744,23,0.07911496859321153
control,298,AMPH,2020-05-04,2020-05-07,0.07189209267252797,0.006881231786377301,37,0.06501086088615067
control,298,AMRX,2020-05-04,2020-05-11,0.20717869931362393,0.0017886983798188838,25,0.20539000093380505
control,298,BAX,2020-05-04,2020-07-30,-0.04564947228631337,-0.0082460918561408,45,-0.03740338043017257
control,298,ICUI,2020-05-04,2020-05-07,-0.10285915867070838,0.002088793465362881,41,-0.10494795213607126
winner,308,PFE,2020-06-15,2020-07-28,0.03292680284601782,-0.008526496706993982,41,0.0414532995530118
control,308,AMPH,2020-06-15,2020-08-06,-0.04548591853307321,0.006881231786377301,37,-0.05236715031945051
control,308,AMRX,2020-06-15,2020-08-06,-0.07079744300608673,0.0017886983798188838,25,-0.07258614138590562
control,308,BAX,2020-06-15,2020-07-30,-0.04564947228631337,-0.0082460918561408,45,-0.03740338043017257
control,308,ICUI,2020-06-15,2020-08-10,0.0906236798195191,0.002088793465362881,41,0.08853488635415623
control,308,TEVA,2020-06-15,2020-08-05,-0.022611232097935863,0.014559565256084744,23,-0.03717079735402061
winner,321,TEVA,2021-01-19,2021-02-10,-0.11145953825561802,0.014559565256084744,23,-0.12601910351170276
control,321,AMPH,2021-01-19,2021-03-15,-0.036818700014678477,0.006881231786377301,37,-0.043699931801055775
control,321,AMRX,2021-01-19,2021-02-26,0.022326755636300134,0.0017886983798188838,25,0.02053805725648125
control,321,BAX,2021-01-19,2021-02-04,-0.0018311404002523922,-0.0082460918561408,45,0.006414951455888407
control,321,ICUI,2021-01-19,2021-02-25,-0.032402584647333005,0.002088793465362881,41,-0.034491378112695883
winner,338,PFE,2021-04-12,2021-05-04,0.03612967260937133,-0.008526496706993982,41,0.04465616931636532
winner,338,TEVA,2021-04-12,2021-04-28,-0.002343664693319953,0.014559565256084744,23,-0.016903229949404696
control,338,AMPH,2021-04-12,2021-05-06,0.019852010848208403,0.006881231786377301,37,0.012970779061831101
control,338,AMRX,2021-04-12,2021-05-07,-0.09023404202064289,0.0017886983798188838,25,-0.09202274040046178
control,338,BAX,2021-04-12,2021-04-29,-0.012087045078899041,-0.0082460918561408,45,-0.003840953222758242
control,338,ICUI,2021-04-12,2021-05-06,-0.04511952725804014,0.002088793465362881,41,-0.047208320723403016
disrupted,346,PFE,2021-07-23,2021-07-28,0.03309896207175662,-0.008526496706993982,41,0.041625458778750596
winner,348,PFE,2021-08-18,2021-11-02,0.020156868024893734,-0.008526496706993982,41,0.028683364731887716
control,348,AMPH,2021-08-18,2021-11-08,0.05007840984907663,0.006881231786377301,37,0.043197178062699335
control,348,AMRX,2021-08-18,2021-11-03,-0.09727974805926401,0.0017886983798188838,25,-0.0990684464390829
control,348,BAX,2021-08-18,2021-10-28,-0.03707367017948619,-0.0082460918561408,45,-0.02882757832334539
control,348,ICUI,2021-08-18,2021-11-03,0.010920214573631263,0.002088793465362881,41,0.008831421108268383
control,348,TEVA,2021-08-18,2021-10-27,-0.14171396446343024,0.014559565256084744,23,-0.15627352971951497
winner,352,BAX,2021-10-11,2021-10-28,-0.03707367017948619,-0.0082460918561408,45,-0.02882757832334539
winner,352,ICUI,2021-10-11,2021-11-03,0.010920214573631263,0.002088793465362881,41,0.008831421108268383
disrupted,352,PFE,2021-10-11,2021-11-02,0.020156868024893734,-0.008526496706993982,41,0.028683364731887716
control,352,AMPH,2021-10-11,2021-11-08,0.05007840984907663,0.006881231786377301,37,0.043197178062699335
control,352,AMRX,2021-10-11,2021-11-03,-0.09727974805926401,0.0017886983798188838,25,-0.0990684464390829
control,352,TEVA,2021-10-11,2021-10-27,-0.14171396446343024,0.014559565256084744,23,-0.15627352971951497
disrupted,356,TEVA,2021-11-22,2022-02-09,0.03729239093040683,0.014559565256084744,23,0.022732825674322086
disrupted,359,PFE,2021-11-26,2022-02-08,-0.029246990905891262,-0.008526496706993982,41,-0.02072049419889728
disrupted,363,PFE,2021-12-09,2022-02-08,-0.029246990905891262,-0.008526496706993982,41,-0.02072049419889728
disrupted,364,PFE,2021-12-20,2022-02-08,-0.029246990905891262,-0.008526496706993982,41,-0.02072049419889728
disrupted,365,AMRX,2021-12-20,2022-01-11,0.00978056144286659,0.0017886983798188838,25,0.007991863063047708
disrupted,365,PFE,2021-12-20,2022-02-08,-0.029246990905891262,-0.008526496706993982,41,-0.02072049419889728
disrupted,365,TEVA,2021-12-20,2022-02-09,0.03729239093040683,0.014559565256084744,23,0.022732825674322086
disrupted,367,AMPH,2022-01-24,2022-03-10,0.1455782377278474,0.006881231786377301,37,0.13869700594147008
disrupted,367,PFE,2022-01-24,2022-02-08,-0.029246990905891262,-0.008526496706993982,41,-0.02072049419889728
disrupted,368,BAX,2022-01-24,2022-02-17,-0.028928311198003872,-0.0082460918561408,45,-0.020682219341863074
disrupted,368,PFE,2022-01-24,2022-02-08,-0.029246990905891262,-0.008526496706993982,41,-0.02072049419889728
disrupted,373,PFE,2022-04-05,2022-04-20,-0.052693805491616834,-0.008526496706993982,41,-0.044167308784622855
disrupted,376,TEVA,2022-05-23,2022-07-26,0.2897281472710294,0.014559565256084744,23,0.27516858201494465
winner,378,PFE,2022-05-24,2022-07-28,-0.04528435581620531,-0.008526496706993982,41,-0.036757859109211324
disrupted,378,VTRS,2022-05-24,2022-08-08,0.09230625015788474,0.004764333156953055,15,0.08754191700093168
control,378,AMPH,2022-05-24,2022-08-08,-0.12945488016043616,0.006881231786377301,37,-0.13633611194681347
control,378,AMRX,2022-05-24,2022-08-05,-0.1323641940798844,0.0017886983798188838,25,-0.13415289245970327
control,378,BAX,2022-05-24,2022-07-28,-0.14374349864040128,-0.0082460918561408,45,-0.13549740678426048
control,378,ICUI,2022-05-24,2022-08-08,-0.048091127351836696,0.002088793465362881,41,-0.050179920817199575
control,378,TEVA,2022-05-24,2022-07-26,0.2897281472710294,0.014559565256084744,23,0.27516858201494465
disrupted,379,PFE,2022-05-23,2022-07-28,-0.04528435581620531,-0.008526496706993982,41,-0.036757859109211324
disrupted,400,TEVA,2022-11-25,2023-02-08,-0.07743162093787702,0.014559565256084744,23,-0.09199118619396177
winner,408,AMRX,2022-12-29,2023-01-10,-0.022970843071664068,0.0017886983798188838,25,-0.02475954145148295
control,408,AMPH,2022-12-29,2023-02-28,0.12573000319077635,0.006881231786377301,37,0.11884877140439905
control,408,BAX,2022-12-29,2023-02-09,-0.09192059860511324,-0.0082460918561408,45,-0.08367450674897245
control,408,ICUI,2022-12-29,2023-02-27,-0.03160517407063553,0.002088793465362881,41,-0.03369396753599841
control,408,TEVA,2022-12-29,2023-02-08,-0.07743162093787702,0.014559565256084744,23,-0.09199118619396177
control,408,VTRS,2022-12-29,2023-02-27,-0.0028614750346373837,0.004764333156953055,15,-0.007625808191590438
disrupted,411,PFE,2023-01-27,2023-01-31,-0.0024332121929842455,-0.008526496706993982,41,0.006093284514009737
winner,413,TEVA,2023-02-17,2023-05-10,-0.09214893512035982,0.014559565256084744,23,-0.10670850037644457
control,413,AMPH,2023-02-17,2023-02-28,0.12573000319077635,0.006881231786377301,37,0.11884877140439905
control,413,AMRX,2023-02-17,2023-03-02,-0.08909061619836008,0.0017886983798188838,25,-0.09087931457817897
control,413,BAX,2023-02-17,2023-04-27,0.03420127804138023,-0.0082460918561408,45,0.04244736989752103
control,413,ICUI,2023-02-17,2023-02-27,-0.03160517407063553,0.002088793465362881,41,-0.03369396753599841
control,413,VTRS,2023-02-17,2023-02-27,-0.0028614750346373837,0.004764333156953055,15,-0.007625808191590438
winner,414,TEVA,2023-02-17,2023-05-10,-0.09214893512035982,0.014559565256084744,23,-0.10670850037644457
control,414,AMPH,2023-02-17,2023-02-28,0.12573000319077635,0.006881231786377301,37,0.11884877140439905
control,414,AMRX,2023-02-17,2023-03-02,-0.08909061619836008,0.0017886983798188838,25,-0.09087931457817897
control,414,BAX,2023-02-17,2023-04-27,0.03420127804138023,-0.0082460918561408,45,0.04244736989752103
control,414,ICUI,2023-02-17,2023-02-27,-0.03160517407063553,0.002088793465362881,41,-0.03369396753599841
control,414,VTRS,2023-02-17,2023-02-27,-0.0028614750346373837,0.004764333156953055,15,-0.007625808191590438
disrupted,421,PFE,2023-03-20,2023-05-02,-0.000862611455005876,-0.008526496706993982,41,0.007663885251988106
winner,425,PFE,2023-05-15,2023-08-01,-0.011821497610100113,-0.008526496706993982,41,-0.003295000903106131
disrupted,425,TEVA,2023-05-15,2023-08-02,0.15762829243697432,0.014559565256084744,23,0.1430687271808896
control,425,AMPH,2023-05-15,2023-08-08,-0.008352761297834655,0.006881231786377301,37,-0.015233993084211955
control,425,AMRX,2023-05-15,2023-08-04,0.43715093214482065,0.0017886983798188838,25,0.43536223376500177
control,425,BAX,2023-05-15,2023-07-27,-0.03915036148937713,-0.0082460918561408,45,-0.03090426963323633
control,425,ICUI,2023-05-15,2023-08-07,-0.15368831247255674,0.002088793465362881,41,-0.15577710593791963
control,425,VTRS,2023-05-15,2023-08-07,0.0671600884105094,0.004764333156953055,15,0.06239575525355634
disrupted,426,PFE,2023-05-08,2023-08-01,-0.011821497610100113,-0.008526496706993982,41,-0.003295000903106131
disrupted,430,AMRX,2023-08-02,2023-08-04,0.43715093214482065,0.0017886983798188838,25,0.43536223376500177
winner,430,TEVA,2023-08-02,2023-11-08,-0.027806837276219794,0.014559565256084744,23,-0.04236640253230454
control,430,AMPH,2023-08-02,2023-08-08,-0.008352761297834655,0.006881231786377301,37,-0.015233993084211955
control,430,BAX,2023-08-02,2023-11-02,0.01959928071385929,-0.0082460918561408,45,0.02784537257000009
control,430,ICUI,2023-08-02,2023-08-07,-0.15368831247255674,0.002088793465362881,41,-0.15577710593791963
control,430,VTRS,2023-08-02,2023-08-07,0.0671600884105094,0.004764333156953055,15,0.06239575525355634
disrupted,474,TEVA,2024-05-20,2024-07-31,0.05398324169558144,0.014559565256084744,23,0.039423676439496694
