horizon,role,company_type,event_id,ticker,hedged
1,disrupted,generic_maker,79,BAX,-0.004458312163109443
1,control,generic_maker,84,BAX,0.0023452948994131502
1,control,generic_maker,84,ICUI,-0.01182830984640744
1,control,generic_maker,84,RDY,0.0014061879097426284
1,control,generic_maker,84,TEVA,-0.004151623450886816
1,control,generic_maker,85,BAX,0.0023452948994131502
1,control,generic_maker,85,ICUI,-0.01182830984640744
1,control,generic_maker,85,RDY,0.0014061879097426284
1,control,generic_maker,85,TEVA,-0.004151623450886816
1,control,generic_maker,86,BAX,-0.002070436409928077
1,control,generic_maker,86,ICUI,0.039657812522236414
1,control,generic_maker,86,RDY,-0.010553060297214692
1,control,generic_maker,86,TEVA,-0.005830826739650548
1,disrupted,generic_maker,88,BAX,0.0023452948994131502
1,control,generic_maker,88,ICUI,-0.01182830984640744
1,control,generic_maker,88,RDY,0.0014061879097426284
1,control,generic_maker,88,TEVA,-0.004151623450886816
1,winner,generic_maker,93,TEVA,0.00649204257756155
1,control,generic_maker,93,BAX,0.0023255870183447316
1,control,generic_maker,93,ICUI,-0.015945415501010068
1,control,generic_maker,93,RDY,0.005097314761014601
1,disrupted,generic_maker,94,BAX,0.0023452948994131502
1,control,generic_maker,105,BAX,0.0038970780978149016
1,control,generic_maker,105,ICUI,0.001635874386860029
1,control,generic_maker,105,RDY,-0.006549576582553996
1,control,generic_maker,105,TEVA,0.001173978372703817
1,disrupted,diversified_major,118,PFE,-0.006006781592276574
1,winner,diversified_major,131,PFE,-0.005350374233112923
1,control,generic_maker,131,AMPH,-0.026515800407880458
1,control,generic_maker,131,BAX,0.002399708992074867
1,control,generic_maker,131,ICUI,0.0036023338733021286
1,control,generic_maker,131,RDY,-0.012480742194592696
1,control,generic_maker,131,TEVA,-0.0025143061997753204
1,winner,diversified_major,132,PFE,-0.005350374233112923
1,control,generic_maker,132,AMPH,-0.026515800407880458
1,control,generic_maker,132,BAX,0.002399708992074867
1,control,generic_maker,132,ICUI,0.0036023338733021286
1,control,generic_maker,132,RDY,-0.012480742194592696
1,control,generic_maker,132,TEVA,-0.0025143061997753204
1,winner,diversified_major,133,PFE,-0.005350374233112923
1,control,generic_maker,133,BAX,0.002399708992074867
1,control,generic_maker,133,ICUI,0.0036023338733021286
1,control,generic_maker,133,RDY,-0.012480742194592696
1,control,generic_maker,133,TEVA,-0.0025143061997753204
1,disrupted,generic_maker,134,TEVA,-0.0025143061997753204
1,winner,diversified_major,135,PFE,0.0011732717853098745
1,control,generic_maker,135,AMPH,0.044486416703762376
1,control,generic_maker,135,BAX,0.0124823293340364
1,control,generic_maker,135,ICUI,0.04436119487835577
1,control,generic_maker,135,RDY,-0.015877401278599
1,control,generic_maker,135,TEVA,0.013538857188791234
1,disrupted,generic_maker,136,TEVA,-0.0027254699698850884
1,control,generic_maker,136,AMPH,-0.020533095486413175
1,control,generic_maker,136,BAX,0.020889894609143478
1,control,generic_maker,136,ICUI,-0.0010914199852788574
1,control,generic_maker,136,RDY,-0.02572834093259317
1,disrupted,diversified_major,137,PFE,-0.004136128570298779
1,disrupted,generic_maker,137,TEVA,-0.0027254699698850884
1,disrupted,diversified_major,138,PFE,0.0006614118217639106
1,disrupted,diversified_major,139,PFE,0.007292405295128954
1,disrupted,diversified_major,143,PFE,-0.001773531205903111
1,disrupted,diversified_major,274,PFE,0.0015584158759375391
1,disrupted,diversified_major,279,PFE,-0.0003983285189011524
1,control,generic_maker,285,AMPH,0.013674396032303068
1,control,generic_maker,285,AMRX,-0.024177173626230647
1,control,generic_maker,285,BAX,-0.023677166165228566
1,control,generic_maker,285,ICUI,-0.05748171053978925
1,control,generic_maker,285,RDY,-0.021283396968477516
1,control,generic_maker,285,TEVA,-0.003520011653804639
1,disrupted,generic_maker,286,TEVA,-0.041967960072966576
1,winner,diversified_major,298,PFE,0.016976466908781462
1,disrupted,generic_maker,298,TEVA,0.017867210670881838
1,control,generic_maker,298,AMPH,-0.00991771094765163
1,control,generic_maker,298,AMRX,0.04167050037914441
1,control,generic_maker,298,BAX,0.009168147808286259
1,control,generic_maker,298,ICUI,0.015655423161373475
1,control,generic_maker,298,RDY,-0.02612110249681609
1,winner,diversified_major,308,PFE,-0.012889411035315712
1,control,generic_maker,308,AMPH,-0.003063153842388526
1,control,generic_maker,308,AMRX,0.06342227711491707
1,control,generic_maker,308,BAX,-0.001097766614410309
1,control,generic_maker,308,ICUI,-0.004458537072193361
1,control,generic_maker,308,RDY,-0.02470109860009874
1,control,generic_maker,308,TEVA,0.02835014865706525
1,winner,generic_maker,321,TEVA,-0.04374472481753974
1,control,generic_maker,321,AMPH,-0.017241173804487177
1,control,generic_maker,321,AMRX,-0.0326750610028569
1,control,generic_maker,321,BAX,-0.0015870824351991268
1,control,generic_maker,321,ICUI,-0.007519859754124796
1,control,generic_maker,321,RDY,-0.007355040808598188
1,winner,diversified_major,338,PFE,0.0034447314091509006
1,winner,generic_maker,338,TEVA,-0.01908221437201882
1,control,generic_maker,338,AMPH,0.010767984666505146
1,control,generic_maker,338,AMRX,-0.00590499468746268
1,control,generic_maker,338,BAX,0.0014567965247521595
1,control,generic_maker,338,ICUI,0.0005698147216998233
1,control,generic_maker,338,RDY,-0.049189823522689156
1,disrupted,diversified_major,346,PFE,0.002018383519948904
1,winner,diversified_major,348,PFE,-0.011037784951422975
1,control,generic_maker,348,AMPH,-0.02192721839228849
1,control,generic_maker,348,AMRX,-0.019928853919111998
1,control,generic_maker,348,BAX,-0.003901094722781983
1,control,generic_maker,348,ICUI,0.011232275713578646
1,control,generic_maker,348,RDY,0.006776082594810088
1,control,generic_maker,348,TEVA,-0.0244298135500474
1,winner,generic_maker,352,BAX,-0.0017625113210058127
1,winner,generic_maker,352,ICUI,0.027255404879112807
1,disrupted,diversified_major,352,PFE,-0.0038669907389448036
1,control,generic_maker,352,AMPH,-0.008311011166069382
1,control,generic_maker,352,AMRX,0.004736102341946642
1,control,generic_maker,352,RDY,0.003270479353665423
1,control,generic_maker,352,TEVA,-0.033484259475076085
1,disrupted,generic_maker,356,TEVA,-0.0022318010298282807
1,disrupted,diversified_major,359,PFE,-0.033854408082426436
1,disrupted,diversified_major,363,PFE,0.01296696457992115
1,disrupted,diversified_major,364,PFE,-0.03490984549472715
1,disrupted,generic_maker,365,AMRX,0.00563212058453335
1,disrupted,diversified_major,365,PFE,-0.03490984549472715
1,disrupted,generic_maker,365,TEVA,0.02358220512236068
1,disrupted,generic_maker,367,AMPH,0.013357994967868521
1,disrupted,diversified_major,367,PFE,0.019999720394438925
1,disrupted,generic_maker,368,BAX,-0.0063263219182139825
1,disrupted,diversified_major,368,PFE,0.019999720394438925
1,disrupted,diversified_major,373,PFE,0.0334158348438229
1,disrupted,generic_maker,376,TEVA,0.00712346774953594
1,winner,diversified_major,378,PFE,0.003547238414822347
1,disrupted,generic_maker,378,VTRS,0.02038336793966553
1,control,generic_maker,378,AMPH,0.07968137381174163
1,control,generic_maker,378,AMRX,0.03179155072167966
1,control,generic_maker,378,BAX,0.014151546500866459
1,control,generic_maker,378,ICUI,-0.0002997227323744767
1,control,generic_maker,378,RDY,-0.022031676058813336
1,control,generic_maker,378,TEVA,0.05695370009751736
1,disrupted,diversified_major,379,PFE,0.011795806621947557
1,disrupted,generic_maker,400,TEVA,-0.011769520730106061
1,winner,generic_maker,408,AMRX,0.002571124684002524
1,control,generic_maker,408,AMPH,-0.00904853556064011
1,control,generic_maker,408,BAX,-0.001391803830297157
1,control,generic_maker,408,ICUI,-0.005842377106629416
1,control,generic_maker,408,RDY,-0.005775583418643115
1,control,generic_maker,408,TEVA,-0.020700866051505007
1,control,generic_maker,408,VTRS,0.0021596333737702637
1,disrupted,diversified_major,411,PFE,0.0010603027506552688
1,winner,generic_maker,413,TEVA,0.008364800802021802
1,control,generic_maker,413,AMPH,-0.005932782121383139
1,control,generic_maker,413,AMRX,-0.024164265412907816
1,control,generic_maker,413,BAX,0.004694122541074677
1,control,generic_maker,413,ICUI,-0.0031384195793036293
1,control,generic_maker,413,RDY,-0.003506928912606136
1,control,generic_maker,413,VTRS,0.0004436462209065628
1,winner,generic_maker,414,TEVA,0.008364800802021802
1,control,generic_maker,414,AMPH,-0.005932782121383139
1,control,generic_maker,414,AMRX,-0.024164265412907816
1,control,generic_maker,414,BAX,0.004694122541074677
1,control,generic_maker,414,ICUI,-0.0031384195793036293
1,control,generic_maker,414,RDY,-0.003506928912606136
1,control,generic_maker,414,VTRS,0.0004436462209065628
1,disrupted,diversified_major,421,PFE,-0.010539141311505584
1,winner,diversified_major,425,PFE,-0.0001903921508983517
1,disrupted,generic_maker,425,TEVA,0.01492295126446503
1,control,generic_maker,425,AMPH,0.03247792460100781
1,control,generic_maker,425,AMRX,0.013315139848703009
1,control,generic_maker,425,BAX,0.009230394501943944
1,control,generic_maker,425,ICUI,-0.006590518305941408
1,control,generic_maker,425,RDY,0.00023850836250396577
1,control,generic_maker,425,VTRS,-0.017887052197138487
1,disrupted,diversified_major,426,PFE,-0.002483038714514832
1,disrupted,generic_maker,430,AMRX,0.057122470295692146
1,disrupted,generic_maker,430,RDY,-0.005033978412117665
1,winner,generic_maker,430,TEVA,0.037312087944376036
1,control,generic_maker,430,AMPH,0.023999042291443333
1,control,generic_maker,430,BAX,0.003103854793125502
1,control,generic_maker,430,ICUI,-0.011583107816997465
1,control,generic_maker,430,VTRS,0.004439486525801785
1,disrupted,generic_maker,474,TEVA,-0.01430862095151043
5,disrupted,generic_maker,79,BAX,-0.006833724510722642
5,control,generic_maker,84,BAX,-0.03603937911485866
5,control,generic_maker,84,ICUI,-0.005038568581601257
5,control,generic_maker,84,RDY,0.016711392306443834
5,control,generic_maker,84,TEVA,0.044863702616063934
5,control,generic_maker,85,BAX,-0.03603937911485866
5,control,generic_maker,85,ICUI,-0.005038568581601257
5,control,generic_maker,85,RDY,0.016711392306443834
5,control,generic_maker,85,TEVA,0.044863702616063934
5,control,generic_maker,86,BAX,0.009220075752606551
5,control,generic_maker,86,ICUI,0.05069663663560809
5,control,generic_maker,86,RDY,0.018308934781144894
5,control,generic_maker,86,TEVA,-0.007470207747466248
5,disrupted,generic_maker,88,BAX,-0.03603937911485866
5,control,generic_maker,88,ICUI,-0.005038568581601257
5,control,generic_maker,88,RDY,0.016711392306443834
5,control,generic_maker,88,TEVA,0.044863702616063934
5,winner,generic_maker,93,TEVA,-0.003511373157187468
5,control,generic_maker,93,BAX,0.008248834907558102
5,control,generic_maker,93,ICUI,0.023384944937111844
5,control,generic_maker,93,RDY,0.017342593274766567
5,disrupted,generic_maker,94,BAX,-0.03603937911485866
5,control,generic_maker,105,BAX,0.016343542204056215
5,control,generic_maker,105,ICUI,0.009979967767356655
5,control,generic_maker,105,RDY,-0.0023679224697557345
5,control,generic_maker,105,TEVA,0.007027129478421492
5,disrupted,diversified_major,118,PFE,0.01518137943917501
5,winner,diversified_major,131,PFE,0.0024836191586457106
5,control,generic_maker,131,AMPH,0.001966515208627888
5,control,generic_maker,131,BAX,0.0082206141345187
5,control,generic_maker,131,ICUI,0.054929425016632435
5,control,generic_maker,131,RDY,-0.014274631717645318
5,control,generic_maker,131,TEVA,0.0331154271151249
5,winner,diversified_major,132,PFE,0.0024836191586457106
5,control,generic_maker,132,AMPH,0.001966515208627888
5,control,generic_maker,132,BAX,0.0082206141345187
5,control,generic_maker,132,ICUI,0.054929425016632435
5,control,generic_maker,132,RDY,-0.014274631717645318
5,control,generic_maker,132,TEVA,0.0331154271151249
5,winner,diversified_major,133,PFE,0.0024836191586457106
5,control,generic_maker,133,BAX,0.0082206141345187
5,control,generic_maker,133,ICUI,0.054929425016632435
5,control,generic_maker,133,RDY,-0.014274631717645318
5,control,generic_maker,133,TEVA,0.0331154271151249
5,disrupted,generic_maker,134,TEVA,0.0331154271151249
5,winner,diversified_major,135,PFE,0.018932685239443324
5,control,generic_maker,135,AMPH,0.09598105525618478
5,control,generic_maker,135,BAX,0.027874055047224747
5,control,generic_maker,135,ICUI,0.026215867416001196
5,control,generic_maker,135,RDY,0.0005027905083030571
5,control,generic_maker,135,TEVA,0.004132688520036065
5,disrupted,generic_maker,136,TEVA,-0.03271385367054032
5,control,generic_maker,136,AMPH,0.04926641863290263
5,control,generic_maker,136,BAX,0.016145525529558474
5,control,generic_maker,136,ICUI,0.03368022478948588
5,control,generic_maker,136,RDY,-0.0339567979736054
5,disrupted,diversified_major,137,PFE,-0.006533060551452344
5,disrupted,generic_maker,137,TEVA,-0.03271385367054032
5,disrupted,diversified_major,138,PFE,0.006748422121270738
5,disrupted,diversified_major,139,PFE,0.015285756669528059
5,disrupted,diversified_major,143,PFE,-0.006251022323283523
5,disrupted,diversified_major,274,PFE,0.014447661363750098
5,disrupted,diversified_major,279,PFE,-0.0005118701395797377
5,control,generic_maker,285,AMPH,0.019023958207069314
5,control,generic_maker,285,AMRX,0.39614847092374145
5,control,generic_maker,285,BAX,0.058440065259507484
5,control,generic_maker,285,ICUI,0.03223723272224874
5,control,generic_maker,285,RDY,0.027396276547429224
5,control,generic_maker,285,TEVA,0.05861219428530429
5,disrupted,generic_maker,286,TEVA,0.13006356684200338
5,winner,diversified_major,298,PFE,8.018630002716923e-05
5,disrupted,generic_maker,298,TEVA,0.13079141722919174
5,control,generic_maker,298,AMPH,0.08400820431675525
5,control,generic_maker,298,AMRX,0.30618551387966514
5,control,generic_maker,298,BAX,-0.007141841068273001
5,control,generic_maker,298,ICUI,-0.07789280360272373
5,control,generic_maker,298,RDY,-0.019892342057662347
5,winner,diversified_major,308,PFE,-0.019263317726947372
5,control,generic_maker,308,AMPH,0.05675897056518294
5,control,generic_maker,308,AMRX,0.15219148663227472
5,control,generic_maker,308,BAX,-0.0108337678398967
5,control,generic_maker,308,ICUI,0.002932518941695694
5,control,generic_maker,308,RDY,-0.019862535728005726
5,control,generic_maker,308,TEVA,0.11445113851411892
5,winner,generic_maker,321,TEVA,-0.032317208250427575
5,control,generic_maker,321,AMPH,0.014627595692277466
5,control,generic_maker,321,AMRX,0.00904028425908154
5,control,generic_maker,321,BAX,0.014974569653770784
5,control,generic_maker,321,ICUI,-0.016640920601851038
5,control,generic_maker,321,RDY,-0.02229219543743756
5,winner,diversified_major,338,PFE,0.04805723183513623
5,winner,generic_maker,338,TEVA,-0.06802179220083428
5,control,generic_maker,338,AMPH,0.004988819247638413
5,control,generic_maker,338,AMRX,-0.027805831796521907
5,control,generic_maker,338,BAX,0.01903039262949266
5,control,generic_maker,338,ICUI,0.022187532945397475
5,control,generic_maker,338,RDY,-0.0021275829492806335
5,disrupted,diversified_major,346,PFE,0.037871293702241925
5,winner,diversified_major,348,PFE,-0.046449077871930235
5,control,generic_maker,348,AMPH,-0.025307764472550898
5,control,generic_maker,348,AMRX,0.0851409611698625
5,control,generic_maker,348,BAX,-0.027824717443953498
5,control,generic_maker,348,ICUI,-0.007021788272215387
5,control,generic_maker,348,RDY,-0.02868852511394887
5,control,generic_maker,348,TEVA,-0.005501315086879621
5,winner,generic_maker,352,BAX,-0.019766520270500243
5,winner,generic_maker,352,ICUI,-0.015813172651462946
5,disrupted,diversified_major,352,PFE,-0.030614305092375477
5,control,generic_maker,352,AMPH,-0.03756019068200636
5,control,generic_maker,352,AMRX,-0.07948993653107245
5,control,generic_maker,352,RDY,-0.013025598503591473
5,control,generic_maker,352,TEVA,-0.0605850003877646
5,disrupted,generic_maker,356,TEVA,-0.036049479872615725
5,disrupted,diversified_major,359,PFE,0.009164755520523035
5,disrupted,diversified_major,363,PFE,0.1760644815534306
5,disrupted,diversified_major,364,PFE,-0.05200075326378975
5,disrupted,generic_maker,365,AMRX,0.05078299584122371
5,disrupted,diversified_major,365,PFE,-0.05200075326378975
5,disrupted,generic_maker,365,TEVA,0.033657868282846136
5,disrupted,generic_maker,367,AMPH,-0.07657466385696465
5,disrupted,diversified_major,367,PFE,0.028965413152428263
5,disrupted,generic_maker,368,BAX,-0.01360150083198946
5,disrupted,diversified_major,368,PFE,0.028965413152428263
5,disrupted,diversified_major,373,PFE,0.04102809749059993
5,disrupted,generic_maker,376,TEVA,0.03928395419594364
5,winner,diversified_major,378,PFE,-0.028809372766362223
5,disrupted,generic_maker,378,VTRS,0.01749597367704262
5,control,generic_maker,378,AMPH,0.09955412743732406
5,control,generic_maker,378,AMRX,0.0869139875423209
5,control,generic_maker,378,BAX,-0.007194974687686123
5,control,generic_maker,378,ICUI,-0.03137489566214077
5,control,generic_maker,378,RDY,-0.04014237762446956
5,control,generic_maker,378,TEVA,0.06744065408738605
5,disrupted,diversified_major,379,PFE,-0.006343208383538166
5,disrupted,generic_maker,400,TEVA,-0.03619026873355869
5,winner,generic_maker,408,AMRX,0.09874086295945501
5,control,generic_maker,408,AMPH,0.013583736496821281
5,control,generic_maker,408,BAX,-0.059316158130735305
5,control,generic_maker,408,ICUI,0.007490955431082379
5,control,generic_maker,408,RDY,0.005048785915408561
5,control,generic_maker,408,TEVA,0.11322798833717457
5,control,generic_maker,408,VTRS,0.07723039372095265
5,disrupted,diversified_major,411,PFE,-0.002405629930745447
5,winner,generic_maker,413,TEVA,0.010085692039181852
5,control,generic_maker,413,AMPH,0.01432770706182688
5,control,generic_maker,413,AMRX,-0.08649498996993031
5,control,generic_maker,413,BAX,-0.007853049627738775
5,control,generic_maker,413,ICUI,0.012136069792711174
5,control,generic_maker,413,RDY,-0.016041149010059347
5,control,generic_maker,413,VTRS,-0.022439836627682543
5,winner,generic_maker,414,TEVA,0.010085692039181852
5,control,generic_maker,414,AMPH,0.01432770706182688
5,control,generic_maker,414,AMRX,-0.08649498996993031
5,control,generic_maker,414,BAX,-0.007853049627738775
5,control,generic_maker,414,ICUI,0.012136069792711174
5,control,generic_maker,414,RDY,-0.016041149010059347
5,control,generic_maker,414,VTRS,-0.022439836627682543
5,disrupted,diversified_major,421,PFE,-0.018108087053086936
5,winner,diversified_major,425,PFE,0.03473325815707433
5,disrupted,generic_maker,425,TEVA,-0.030551175091143964
5,control,generic_maker,425,AMPH,0.0512652715371592
5,control,generic_maker,425,AMRX,0.11614609882411087
5,control,generic_maker,425,BAX,-0.015642870837502803
5,control,generic_maker,425,ICUI,-0.05036378860844854
5,control,generic_maker,425,RDY,-0.027337887054707157
5,control,generic_maker,425,VTRS,-0.0010386707907884558
5,disrupted,diversified_major,426,PFE,-0.029012633052182994
5,disrupted,generic_maker,430,AMRX,0.3390261696442997
5,disrupted,generic_maker,430,RDY,0.036029003511164795
5,winner,generic_maker,430,TEVA,0.05571347132021275
5,control,generic_maker,430,AMPH,0.013410313737517911
5,control,generic_maker,430,BAX,-0.012960755189802423
5,control,generic_maker,430,ICUI,-0.1607606510538229
5,control,generic_maker,430,VTRS,0.0881411073655869
5,disrupted,generic_maker,474,TEVA,-0.0027395267028986533
20,disrupted,generic_maker,79,BAX,-0.0061796194061641985
20,control,generic_maker,84,BAX,-0.0007490357946312899
20,control,generic_maker,84,ICUI,0.1508110517548524
20,control,generic_maker,84,RDY,0.09309293816426131
20,control,generic_maker,84,TEVA,-0.005472962468364477
20,control,generic_maker,85,BAX,-0.0007490357946312899
20,control,generic_maker,85,ICUI,0.1508110517548524
20,control,generic_maker,85,RDY,0.09309293816426131
20,control,generic_maker,85,TEVA,-0.005472962468364477
20,control,generic_maker,86,BAX,0.03161930954988874
20,control,generic_maker,86,ICUI,0.033203629997839094
20,control,generic_maker,86,RDY,-0.13762798797996986
20,control,generic_maker,86,TEVA,0.005411044868419101
20,disrupted,generic_maker,88,BAX,-0.0007490357946312899
20,control,generic_maker,88,ICUI,0.1508110517548524
20,control,generic_maker,88,RDY,0.09309293816426131
20,control,generic_maker,88,TEVA,-0.005472962468364477
20,winner,generic_maker,93,TEVA,0.012174325650577295
20,control,generic_maker,93,BAX,0.034519212098936145
20,control,generic_maker,93,ICUI,0.022841625193499346
20,control,generic_maker,93,RDY,-0.1285922014800823
20,disrupted,generic_maker,94,BAX,-0.0007490357946312899
20,control,generic_maker,105,BAX,0.011678059898167632
20,control,generic_maker,105,ICUI,0.05754702856098916
20,control,generic_maker,105,RDY,0.024276511416241525
20,control,generic_maker,105,TEVA,0.109177772322258
20,disrupted,diversified_major,118,PFE,0.0019351368295363377
20,winner,diversified_major,131,PFE,0.03340628099249525
20,control,generic_maker,131,AMPH,0.05862169868582179
20,control,generic_maker,131,BAX,0.01951831296514163
20,control,generic_maker,131,ICUI,0.08195440705551231
20,control,generic_maker,131,RDY,-0.07819448123405837
20,control,generic_maker,131,TEVA,-0.05687556846084979
20,winner,diversified_major,132,PFE,0.03340628099249525
20,control,generic_maker,132,AMPH,0.05862169868582179
20,control,generic_maker,132,BAX,0.01951831296514163
20,control,generic_maker,132,ICUI,0.08195440705551231
20,control,generic_maker,132,RDY,-0.07819448123405837
20,control,generic_maker,132,TEVA,-0.05687556846084979
20,winner,diversified_major,133,PFE,0.03340628099249525
20,control,generic_maker,133,BAX,0.01951831296514163
20,control,generic_maker,133,ICUI,0.08195440705551231
20,control,generic_maker,133,RDY,-0.07819448123405837
20,control,generic_maker,133,TEVA,-0.05687556846084979
20,disrupted,generic_maker,134,TEVA,-0.05687556846084979
20,winner,diversified_major,135,PFE,0.09264159671911498
20,control,generic_maker,135,AMPH,0.0735963619048055
20,control,generic_maker,135,BAX,0.05702906134058817
20,control,generic_maker,135,ICUI,0.021939084168738767
20,control,generic_maker,135,RDY,0.024215033743605584
20,control,generic_maker,135,TEVA,0.01633609973417403
20,disrupted,generic_maker,136,TEVA,-0.03195120886336855
20,control,generic_maker,136,AMPH,0.2738838864875897
20,control,generic_maker,136,BAX,-0.036829569006573915
20,control,generic_maker,136,ICUI,0.02177557487514667
20,control,generic_maker,136,RDY,0.03540786275591177
20,disrupted,diversified_major,137,PFE,0.023343230323400077
20,disrupted,generic_maker,137,TEVA,-0.03195120886336855
20,disrupted,diversified_major,138,PFE,0.04221226992334942
20,disrupted,diversified_major,139,PFE,0.04905187935573202
20,disrupted,diversified_major,143,PFE,-0.019326072975427846
20,disrupted,diversified_major,274,PFE,0.0014797818337375715
20,disrupted,diversified_major,279,PFE,0.03016520006956238
20,control,generic_maker,285,AMPH,0.12503497158653123
20,control,generic_maker,285,AMRX,0.0910295488418155
20,control,generic_maker,285,BAX,0.03683728776758471
20,control,generic_maker,285,ICUI,0.10041360920802486
20,control,generic_maker,285,RDY,0.24743259807426915
20,control,generic_maker,285,TEVA,0.19051630246939213
20,disrupted,generic_maker,286,TEVA,0.23552909848795148
20,winner,diversified_major,298,PFE,-0.09173194851274583
20,disrupted,generic_maker,298,TEVA,0.2273522734258208
20,control,generic_maker,298,AMPH,0.015373734568883801
20,control,generic_maker,298,AMRX,0.2795329611680535
20,control,generic_maker,298,BAX,-0.029298074572485205
20,control,generic_maker,298,ICUI,-0.12617527448033944
20,control,generic_maker,298,RDY,-0.03266375041423727
20,winner,diversified_major,308,PFE,0.024412923535340254
20,control,generic_maker,308,AMPH,-0.019615563274403156
20,control,generic_maker,308,AMRX,0.017795778832384826
20,control,generic_maker,308,BAX,-0.024518826745601192
20,control,generic_maker,308,ICUI,0.013298225774395888
20,control,generic_maker,308,RDY,-0.032244441377608665
20,control,generic_maker,308,TEVA,-0.028517882661985357
20,winner,generic_maker,321,TEVA,-0.13700025454624176
20,control,generic_maker,321,AMPH,-0.026515856700365506
20,control,generic_maker,321,AMRX,0.12959499642676037
20,control,generic_maker,321,BAX,-0.0417015309681637
20,control,generic_maker,321,ICUI,-0.015284189134882706
20,control,generic_maker,321,RDY,-0.11965942185052122
20,winner,diversified_major,338,PFE,0.07047387234970416
20,winner,generic_maker,338,TEVA,-0.07664667872655104
20,control,generic_maker,338,AMPH,0.1084359368492972
20,control,generic_maker,338,AMRX,-0.10126607669227358
20,control,generic_maker,338,BAX,0.015318113975895468
20,control,generic_maker,338,ICUI,-0.036434480908510355
20,control,generic_maker,338,RDY,0.08865689633334432
20,disrupted,diversified_major,346,PFE,0.17600759065347327
20,winner,diversified_major,348,PFE,-0.10632135497672102
20,control,generic_maker,348,AMPH,-0.07158611931699647
20,control,generic_maker,348,AMRX,-0.028252216619885532
20,control,generic_maker,348,BAX,0.1028119343665478
20,control,generic_maker,348,ICUI,0.2427661820764654
20,control,generic_maker,348,RDY,0.06798813851297535
20,control,generic_maker,348,TEVA,-0.06512316766252582
20,winner,generic_maker,352,BAX,-0.030755358831671343
20,winner,generic_maker,352,ICUI,0.028055014243569293
20,disrupted,diversified_major,352,PFE,0.12347551070507545
20,control,generic_maker,352,AMPH,-0.01975462313396468
20,control,generic_maker,352,AMRX,-0.19686423929991947
20,control,generic_maker,352,RDY,-0.038577301128125026
20,control,generic_maker,352,TEVA,-0.1438370223036391
20,disrupted,generic_maker,356,TEVA,-0.04294221033347636
20,disrupted,diversified_major,359,PFE,0.08131054953367707
20,disrupted,diversified_major,363,PFE,0.06974340896492182
20,disrupted,diversified_major,364,PFE,-0.12218840398192346
20,disrupted,generic_maker,365,AMRX,-0.01453812743997717
20,disrupted,diversified_major,365,PFE,-0.12218840398192346
20,disrupted,generic_maker,365,TEVA,0.1063794639817705
20,disrupted,generic_maker,367,AMPH,0.0666726401989309
20,disrupted,diversified_major,367,PFE,-0.06964972188096429
20,disrupted,generic_maker,368,BAX,-0.009747801493170406
20,disrupted,diversified_major,368,PFE,-0.06964972188096429
20,disrupted,diversified_major,373,PFE,-0.023017869847803737
20,disrupted,generic_maker,376,TEVA,-0.04669220395394569
20,winner,diversified_major,378,PFE,-0.05371713377923911
20,disrupted,generic_maker,378,VTRS,-0.042854328274610304
20,control,generic_maker,378,AMPH,-0.026267642760183098
20,control,generic_maker,378,AMRX,0.024954161629951038
20,control,generic_maker,378,BAX,-0.10242670849190269
20,control,generic_maker,378,ICUI,-0.05556980213052279
20,control,generic_maker,378,RDY,-0.009277051121490094
20,control,generic_maker,378,TEVA,-0.05911971768636861
20,disrupted,diversified_major,379,PFE,-0.059811875509273936
20,disrupted,generic_maker,400,TEVA,0.08997347857586568
20,winner,generic_maker,408,AMRX,0.00659304382998064
20,control,generic_maker,408,AMPH,0.04964530720137207
20,control,generic_maker,408,BAX,-0.1431707857548119
20,control,generic_maker,408,ICUI,0.1627879276260704
20,control,generic_maker,408,RDY,0.004390997179261828
20,control,generic_maker,408,TEVA,0.050043558443923525
20,control,generic_maker,408,VTRS,0.03610522643050498
20,disrupted,diversified_major,411,PFE,-0.058520861594338516
20,winner,generic_maker,413,TEVA,-0.11931436008542637
20,control,generic_maker,413,AMPH,0.16353559924276057
20,control,generic_maker,413,AMRX,-0.38048231708323277
20,control,generic_maker,413,BAX,-0.0442358472802941
20,control,generic_maker,413,ICUI,-0.07222207343650569
20,control,generic_maker,413,RDY,0.0020655379034379123
20,control,generic_maker,413,VTRS,-0.15877986122435556
20,winner,generic_maker,414,TEVA,-0.11931436008542637
20,control,generic_maker,414,AMPH,0.16353559924276057
20,control,generic_maker,414,AMRX,-0.38048231708323277
20,control,generic_maker,414,BAX,-0.0442358472802941
20,control,generic_maker,414,ICUI,-0.07222207343650569
20,control,generic_maker,414,RDY,0.0020655379034379123
20,control,generic_maker,414,VTRS,-0.15877986122435556
20,disrupted,diversified_major,421,PFE,-0.03354652214708065
20,winner,diversified_major,425,PFE,0.0510039373382681
20,disrupted,generic_maker,425,TEVA,-0.13107753943659473
20,control,generic_maker,425,AMPH,0.0917025984350009
20,control,generic_maker,425,AMRX,0.20555240149497833
20,control,generic_maker,425,BAX,-0.018610872541232247
20,control,generic_maker,425,ICUI,-0.08006103201164702
20,control,generic_maker,425,RDY,0.01955753165908341
20,control,generic_maker,425,VTRS,-0.0069794765111678425
20,disrupted,diversified_major,426,PFE,-0.017551345936420375
20,disrupted,generic_maker,430,AMRX,0.28265310804955107
20,disrupted,generic_maker,430,RDY,-0.009401688846184642
20,winner,generic_maker,430,TEVA,0.045713706396156996
20,control,generic_maker,430,AMPH,-0.11982066851390465
20,control,generic_maker,430,BAX,-0.045832568056656794
20,control,generic_maker,430,ICUI,-0.14066163682079127
20,control,generic_maker,430,VTRS,0.06439315612217006
20,disrupted,generic_maker,474,TEVA,-0.005415321954612629
60,disrupted,generic_maker,79,BAX,-0.0781426168937662
60,control,generic_maker,84,BAX,-0.013901426535690257
60,control,generic_maker,84,ICUI,0.206921795139025
60,control,generic_maker,84,RDY,0.015314648305979096
60,control,generic_maker,84,TEVA,0.04157188893629901
60,control,generic_maker,85,BAX,-0.013901426535690257
60,control,generic_maker,85,ICUI,0.206921795139025
60,control,generic_maker,85,RDY,0.015314648305979096
60,control,generic_maker,85,TEVA,0.04157188893629901
60,control,generic_maker,86,BAX,-0.07644712305557105
60,control,generic_maker,86,ICUI,0.0744860655775447
60,control,generic_maker,86,RDY,-0.07670627955339623
60,control,generic_maker,86,TEVA,-0.03719058861559844
60,disrupted,generic_maker,88,BAX,-0.013901426535690257
60,control,generic_maker,88,ICUI,0.206921795139025
60,control,generic_maker,88,RDY,0.015314648305979096
60,control,generic_maker,88,TEVA,0.04157188893629901
60,winner,generic_maker,93,TEVA,-0.03026623946342149
60,control,generic_maker,93,BAX,-0.07666191958263398
60,control,generic_maker,93,ICUI,0.0624253993458261
60,control,generic_maker,93,RDY,-0.07567171764751293
60,disrupted,generic_maker,94,BAX,-0.013901426535690257
60,control,generic_maker,105,BAX,-0.004858741591272701
60,control,generic_maker,105,ICUI,0.09036363158017056
60,control,generic_maker,105,RDY,0.04155100049083801
60,control,generic_maker,105,TEVA,0.06337000134869793
60,disrupted,diversified_major,118,PFE,-0.033606557194320305
60,winner,diversified_major,131,PFE,0.13229626214000964
60,control,generic_maker,131,AMPH,0.3165545820685895
60,control,generic_maker,131,BAX,0.05001529657055877
60,control,generic_maker,131,ICUI,0.10591485208257444
60,control,generic_maker,131,RDY,-0.06689074681986476
60,control,generic_maker,131,TEVA,-0.10198305808433344
60,winner,diversified_major,132,PFE,0.13229626214000964
60,control,generic_maker,132,AMPH,0.3165545820685895
60,control,generic_maker,132,BAX,0.05001529657055877
60,control,generic_maker,132,ICUI,0.10591485208257444
60,control,generic_maker,132,RDY,-0.06689074681986476
60,control,generic_maker,132,TEVA,-0.10198305808433344
60,winner,diversified_major,133,PFE,0.13229626214000964
60,control,generic_maker,133,BAX,0.05001529657055877
60,control,generic_maker,133,ICUI,0.10591485208257444
60,control,generic_maker,133,RDY,-0.06689074681986476
60,control,generic_maker,133,TEVA,-0.10198305808433344
60,disrupted,generic_maker,134,TEVA,-0.10198305808433344
60,winner,diversified_major,135,PFE,0.1509664054566099
60,control,generic_maker,135,AMPH,0.27597997619597
60,control,generic_maker,135,BAX,0.0909395327481657
60,control,generic_maker,135,ICUI,0.041464695869177046
60,control,generic_maker,135,RDY,-0.005038258017968346
60,control,generic_maker,135,TEVA,-0.06953371413244942
60,disrupted,generic_maker,136,TEVA,-0.024253900217047535
60,control,generic_maker,136,AMPH,0.2710705597583743
60,control,generic_maker,136,BAX,0.044161396544581275
60,control,generic_maker,136,ICUI,0.10568986710699016
60,control,generic_maker,136,RDY,-0.05793107775037648
60,disrupted,diversified_major,137,PFE,0.04919289779846072
60,disrupted,generic_maker,137,TEVA,-0.024253900217047535
60,disrupted,diversified_major,138,PFE,0.02568108401485579
60,disrupted,diversified_major,139,PFE,0.010028032628377315
60,disrupted,diversified_major,143,PFE,-0.09358680439987208
60,disrupted,diversified_major,274,PFE,0.04547990226867443
60,disrupted,diversified_major,279,PFE,-0.017228154733448596
60,control,generic_maker,285,AMPH,0.2750878847586047
60,control,generic_maker,285,AMRX,0.5051621577932559
60,control,generic_maker,285,BAX,-0.09046679193445528
60,control,generic_maker,285,ICUI,-0.0313500842479405
60,control,generic_maker,285,RDY,0.29856983437873946
60,control,generic_maker,285,TEVA,0.2405234289820602
60,disrupted,generic_maker,286,TEVA,0.25646667039239074
60,winner,diversified_major,298,PFE,-0.055609836686868
60,disrupted,generic_maker,298,TEVA,0.032827119220310064
60,control,generic_maker,298,AMPH,0.042062651831066306
60,control,generic_maker,298,AMRX,0.15472603511453564
60,control,generic_maker,298,BAX,-0.08345652114745628
60,control,generic_maker,298,ICUI,-0.1946879597952204
60,control,generic_maker,298,RDY,0.05817173604798474
60,winner,diversified_major,308,PFE,0.013520453672076285
60,control,generic_maker,308,AMPH,-0.09026845094675134
60,control,generic_maker,308,AMRX,-0.2911545780050675
60,control,generic_maker,308,BAX,-0.09818680465761793
60,control,generic_maker,308,ICUI,0.04185146943126559
60,control,generic_maker,308,RDY,0.07673251145354748
60,control,generic_maker,308,TEVA,-0.35072089156374564
60,winner,generic_maker,321,TEVA,-0.24206704131170098
60,control,generic_maker,321,AMPH,-0.15270099000393964
60,control,generic_maker,321,AMRX,0.10290092225410243
60,control,generic_maker,321,BAX,0.015691642605128647
60,control,generic_maker,321,ICUI,-0.10640150620255194
60,control,generic_maker,321,RDY,-0.13327606459980168
60,winner,diversified_major,338,PFE,0.031745235861737824
60,winner,generic_maker,338,TEVA,-0.19940202324535805
60,control,generic_maker,338,AMPH,0.1478350810802912
60,control,generic_maker,338,AMRX,-0.23020859771006916
60,control,generic_maker,338,BAX,-0.05829809715486243
60,control,generic_maker,338,ICUI,-0.018531529679470776
60,control,generic_maker,338,RDY,0.10767221129926562
60,disrupted,diversified_major,346,PFE,-0.008506797972810719
60,winner,diversified_major,348,PFE,-7.67148181348605e-05
60,control,generic_maker,348,AMPH,0.07314031732513884
60,control,generic_maker,348,AMRX,-0.018474025813047343
60,control,generic_maker,348,BAX,0.033258883897675576
60,control,generic_maker,348,ICUI,0.21061754047492404
60,control,generic_maker,348,RDY,0.015426696867589237
60,control,generic_maker,348,TEVA,-0.03253930900421739
60,winner,generic_maker,352,BAX,0.08805788040727294
60,winner,generic_maker,352,ICUI,-0.029118884034988163
60,disrupted,diversified_major,352,PFE,0.2974149665191693
60,control,generic_maker,352,AMPH,0.13984303164371487
60,control,generic_maker,352,AMRX,-0.2838451939680121
60,control,generic_maker,352,RDY,-0.053821505373143806
60,control,generic_maker,352,TEVA,-0.24581194807082965
60,disrupted,generic_maker,356,TEVA,0.0017399338948106483
60,disrupted,diversified_major,359,PFE,-0.09877251841841207
60,disrupted,diversified_major,363,PFE,-0.07691784608505248
60,disrupted,diversified_major,364,PFE,-0.10265443873953188
60,disrupted,generic_maker,365,AMRX,-0.05807992422468885
60,disrupted,diversified_major,365,PFE,-0.10265443873953188
60,disrupted,generic_maker,365,TEVA,0.005038918814507104
60,disrupted,generic_maker,367,AMPH,0.5755167086091403
60,disrupted,diversified_major,367,PFE,-0.02808662356499566
60,disrupted,generic_maker,368,BAX,-0.08778068557381004
60,disrupted,diversified_major,368,PFE,-0.02808662356499566
60,disrupted,diversified_major,373,PFE,0.05345427350831825
60,disrupted,generic_maker,376,TEVA,0.1465137577370853
60,winner,diversified_major,378,PFE,-0.09050552555206601
60,disrupted,generic_maker,378,VTRS,-0.13945872460001796
60,control,generic_maker,378,AMPH,-0.02455628561147737
60,control,generic_maker,378,AMRX,-0.24448597749970874
60,control,generic_maker,378,BAX,-0.19649352284717414
60,control,generic_maker,378,ICUI,-0.1290832275629861
60,control,generic_maker,378,RDY,-0.09786848729404991
60,control,generic_maker,378,TEVA,0.15691744253402248
60,disrupted,diversified_major,379,PFE,-0.09339264714488954
60,disrupted,generic_maker,400,TEVA,0.12805795942181175
60,winner,generic_maker,408,AMRX,-0.39660834938087364
60,control,generic_maker,408,AMPH,0.3232794677994376
60,control,generic_maker,408,BAX,-0.2357864899268668
60,control,generic_maker,408,ICUI,-0.049247989616875355
60,control,generic_maker,408,RDY,0.058067865192245105
60,control,generic_maker,408,TEVA,-0.10072325089391879
60,control,generic_maker,408,VTRS,-0.16330136111631188
60,disrupted,diversified_major,411,PFE,-0.1043556382274178
60,winner,generic_maker,413,TEVA,-0.20427391159926941
60,control,generic_maker,413,AMPH,0.319901456775548
60,control,generic_maker,413,AMRX,-0.17637707336323186
60,control,generic_maker,413,BAX,0.0497974199360946
60,control,generic_maker,413,ICUI,0.0863382897027252
60,control,generic_maker,413,RDY,-0.006941982866708815
60,control,generic_maker,413,VTRS,-0.2177380205257089
60,winner,generic_maker,414,TEVA,-0.20427391159926941
60,control,generic_maker,414,AMPH,0.319901456775548
60,control,generic_maker,414,AMRX,-0.17637707336323186
60,control,generic_maker,414,BAX,0.0497974199360946
60,control,generic_maker,414,ICUI,0.0863382897027252
60,control,generic_maker,414,RDY,-0.006941982866708815
60,control,generic_maker,414,VTRS,-0.2177380205257089
60,disrupted,diversified_major,421,PFE,-0.0827641842686968
60,winner,diversified_major,425,PFE,-0.07619814580195945
60,disrupted,generic_maker,425,TEVA,0.10203343493541224
60,control,generic_maker,425,AMPH,0.22588357540618706
60,control,generic_maker,425,AMRX,0.9893293227814974
60,control,generic_maker,425,BAX,-0.048842524876396134
60,control,generic_maker,425,ICUI,-0.36541032806507623
60,control,generic_maker,425,RDY,0.28043258020268563
60,control,generic_maker,425,VTRS,0.13630471263654148
60,disrupted,diversified_major,426,PFE,-0.12563023107330934
60,disrupted,generic_maker,430,AMRX,0.3079068818324238
60,disrupted,generic_maker,430,RDY,-0.03179033687257768
60,winner,generic_maker,430,TEVA,-0.029845395410333028
60,control,generic_maker,430,AMPH,-0.23043684744877016
60,control,generic_maker,430,BAX,-0.18805974055022762
60,control,generic_maker,430,ICUI,-0.32845641272576087
60,control,generic_maker,430,VTRS,-0.05806984791743652
60,disrupted,generic_maker,474,TEVA,0.06713077470628091
120,disrupted,generic_maker,79,BAX,-0.09067958244826525
120,control,generic_maker,84,BAX,-0.03511813202139468
120,control,generic_maker,84,ICUI,0.18979301740618165
120,control,generic_maker,84,RDY,0.048378534662855494
120,control,generic_maker,84,TEVA,0.09123719898660558
120,control,generic_maker,85,BAX,-0.03511813202139468
120,control,generic_maker,85,ICUI,0.18979301740618165
120,control,generic_maker,85,RDY,0.048378534662855494
120,control,generic_maker,85,TEVA,0.09123719898660558
120,control,generic_maker,86,BAX,-0.07433353331655977
120,control,generic_maker,86,ICUI,0.17817865578887981
120,control,generic_maker,86,RDY,-0.06313329083929495
120,control,generic_maker,86,TEVA,0.01851102209940509
120,disrupted,generic_maker,88,BAX,-0.03511813202139468
120,control,generic_maker,88,ICUI,0.18979301740618165
120,control,generic_maker,88,RDY,0.048378534662855494
120,control,generic_maker,88,TEVA,0.09123719898660558
120,winner,generic_maker,93,TEVA,0.02934499179653876
120,control,generic_maker,93,BAX,-0.054243680363126524
120,control,generic_maker,93,ICUI,0.14446893522667426
120,control,generic_maker,93,RDY,-0.06954388943079275
120,disrupted,generic_maker,94,BAX,-0.03511813202139468
120,control,generic_maker,105,BAX,0.1139916421315848
120,control,generic_maker,105,ICUI,0.3721043277761275
120,control,generic_maker,105,RDY,0.22520320985578718
120,control,generic_maker,105,TEVA,0.23607720941538513
120,disrupted,diversified_major,118,PFE,-0.0723603617102278
120,winner,diversified_major,131,PFE,0.10706242323777436
120,control,generic_maker,131,AMPH,0.565847865181977
120,control,generic_maker,131,BAX,0.11185979008788625
120,control,generic_maker,131,ICUI,0.29013976450755086
120,control,generic_maker,131,RDY,-0.11669412754824458
120,control,generic_maker,131,TEVA,-0.1580614038792809
120,winner,diversified_major,132,PFE,0.10706242323777436
120,control,generic_maker,132,AMPH,0.565847865181977
120,control,generic_maker,132,BAX,0.11185979008788625
120,control,generic_maker,132,ICUI,0.29013976450755086
120,control,generic_maker,132,RDY,-0.11669412754824458
120,control,generic_maker,132,TEVA,-0.1580614038792809
120,winner,diversified_major,133,PFE,0.10706242323777436
120,control,generic_maker,133,BAX,0.11185979008788625
120,control,generic_maker,133,ICUI,0.29013976450755086
120,control,generic_maker,133,RDY,-0.11669412754824458
120,control,generic_maker,133,TEVA,-0.1580614038792809
120,disrupted,generic_maker,134,TEVA,-0.1580614038792809
120,winner,diversified_major,135,PFE,0.11105942907118196
120,control,generic_maker,135,AMPH,0.5448509142852634
120,control,generic_maker,135,BAX,0.11860990636820372
120,control,generic_maker,135,ICUI,0.19580847600626958
120,control,generic_maker,135,RDY,0.006862739949244058
120,control,generic_maker,135,TEVA,-0.0705732424231221
120,disrupted,generic_maker,136,TEVA,-0.21326191703090402
120,control,generic_maker,136,AMPH,0.46881375738915887
120,control,generic_maker,136,BAX,0.05292859089665465
120,control,generic_maker,136,ICUI,0.37149559902041385
120,control,generic_maker,136,RDY,0.01364020595668318
120,disrupted,diversified_major,137,PFE,-0.0701014220626701
120,disrupted,generic_maker,137,TEVA,-0.21326191703090402
120,disrupted,diversified_major,138,PFE,-0.06916879452960015
120,disrupted,diversified_major,139,PFE,-0.08291006597445236
120,disrupted,diversified_major,143,PFE,-0.07023381571359337
120,disrupted,diversified_major,274,PFE,0.051318268421135765
120,disrupted,diversified_major,279,PFE,0.09688194832299477
120,control,generic_maker,285,AMPH,0.1310701641038859
120,control,generic_maker,285,AMRX,-0.23823771619020584
120,control,generic_maker,285,BAX,-0.22273596716548189
120,control,generic_maker,285,ICUI,-0.0716742956674205
120,control,generic_maker,285,RDY,0.35887880650850357
120,control,generic_maker,285,TEVA,-0.33484678577054827
120,disrupted,generic_maker,286,TEVA,-0.30051556329199824
120,winner,diversified_major,298,PFE,-0.1483709443596483
120,disrupted,generic_maker,298,TEVA,-0.2982474990261766
120,control,generic_maker,298,AMPH,-0.005979548140559066
120,control,generic_maker,298,AMRX,0.31994165469207003
120,control,generic_maker,298,BAX,-0.24883011357047763
120,control,generic_maker,298,ICUI,-0.21827116874729052
120,control,generic_maker,298,RDY,0.19669224102963723
120,winner,diversified_major,308,PFE,0.14463126819743588
120,control,generic_maker,308,AMPH,-0.2411194621533711
120,control,generic_maker,308,AMRX,-0.31154137604617527
120,control,generic_maker,308,BAX,-0.24845204701907717
120,control,generic_maker,308,ICUI,-0.015574334150942226
120,control,generic_maker,308,RDY,0.12260403148440652
120,control,generic_maker,308,TEVA,-0.35734951982395907
120,winner,generic_maker,321,TEVA,-0.4250072188421199
120,control,generic_maker,321,AMPH,-0.058079423064087615
120,control,generic_maker,321,AMRX,-0.19261262750752312
120,control,generic_maker,321,BAX,-0.08908805294894469
120,control,generic_maker,321,ICUI,-0.15101382670505023
120,control,generic_maker,321,RDY,-0.016824588659866288
120,winner,diversified_major,338,PFE,0.14688584491191897
120,winner,generic_maker,338,TEVA,-0.15339608723971443
120,control,generic_maker,338,AMPH,0.07629878416901424
120,control,generic_maker,338,AMRX,-0.14388360769336092
120,control,generic_maker,338,BAX,-0.06682795278234815
120,control,generic_maker,338,ICUI,0.10469103169182778
120,control,generic_maker,338,RDY,-0.025970418308872808
120,disrupted,diversified_major,346,PFE,0.34860734965599804
120,winner,diversified_major,348,PFE,0.050588918322298976
120,control,generic_maker,348,AMPH,0.3684603606946568
120,control,generic_maker,348,AMRX,-0.10331285352856148
120,control,generic_maker,348,BAX,0.1706226779947947
120,control,generic_maker,348,ICUI,0.1118676860045061
120,control,generic_maker,348,RDY,-0.09542524587217015
120,control,generic_maker,348,TEVA,-0.14629865247576407
120,winner,generic_maker,352,BAX,-0.01496399851975459
120,winner,generic_maker,352,ICUI,-0.023118773862323735
120,disrupted,diversified_major,352,PFE,0.22414423675365885
120,control,generic_maker,352,AMPH,0.8965270084709567
120,control,generic_maker,352,AMRX,-0.32312851906106516
120,control,generic_maker,352,RDY,-0.1614433364252513
120,control,generic_maker,352,TEVA,-0.11475971765880616
120,disrupted,generic_maker,356,TEVA,0.017851788744597683
120,disrupted,diversified_major,359,PFE,0.003022258800370957
120,disrupted,diversified_major,363,PFE,0.0325092252934249
120,disrupted,diversified_major,364,PFE,-0.19280346949776384
120,disrupted,generic_maker,365,AMRX,-0.15735500255583307
120,disrupted,diversified_major,365,PFE,-0.19280346949776384
120,disrupted,generic_maker,365,TEVA,0.11695785433851705
120,disrupted,generic_maker,367,AMPH,0.5427712797371032
120,disrupted,diversified_major,367,PFE,0.006372888155391326
120,disrupted,generic_maker,368,BAX,-0.20460527986918067
120,disrupted,diversified_major,368,PFE,0.006372888155391326
120,disrupted,diversified_major,373,PFE,-0.09569549792446375
120,disrupted,generic_maker,376,TEVA,0.11024247684228598
120,winner,diversified_major,378,PFE,-0.06567492693656862
120,disrupted,generic_maker,378,VTRS,0.005828081962177361
120,control,generic_maker,378,AMPH,-0.16733165475815373
120,control,generic_maker,378,AMRX,-0.29179558909319997
120,control,generic_maker,378,BAX,-0.2714109757956893
120,control,generic_maker,378,ICUI,-0.12792911941309731
120,control,generic_maker,378,RDY,-0.027401992222977144
120,control,generic_maker,378,TEVA,0.09464897139281794
120,disrupted,diversified_major,379,PFE,-0.0879892293113382
120,disrupted,generic_maker,400,TEVA,-0.16238298033290005
120,winner,generic_maker,408,AMRX,0.3122157734879279
120,control,generic_maker,408,AMPH,0.9563099142906177
120,control,generic_maker,408,BAX,-0.1872968180046029
120,control,generic_maker,408,ICUI,-0.012744063422042762
120,control,generic_maker,408,RDY,0.10088343607265676
120,control,generic_maker,408,TEVA,-0.33401727527659386
120,control,generic_maker,408,VTRS,-0.21520241698288067
120,disrupted,diversified_major,411,PFE,-0.20082289269119058
120,winner,generic_maker,413,TEVA,-0.1417028375028642
120,control,generic_maker,413,AMPH,0.6351796180957948
120,control,generic_maker,413,AMRX,0.5258958771308041
120,control,generic_maker,413,BAX,0.008380026918560109
120,control,generic_maker,413,ICUI,-0.2997085753513707
120,control,generic_maker,413,RDY,0.2657156041744919
120,control,generic_maker,413,VTRS,-0.09083202603280313
120,winner,generic_maker,414,TEVA,-0.1417028375028642
120,control,generic_maker,414,AMPH,0.6351796180957948
120,control,generic_maker,414,AMRX,0.5258958771308041
120,control,generic_maker,414,BAX,0.008380026918560109
120,control,generic_maker,414,ICUI,-0.2997085753513707
120,control,generic_maker,414,RDY,0.2657156041744919
120,control,generic_maker,414,VTRS,-0.09083202603280313
120,disrupted,diversified_major,421,PFE,-0.224819683908816
120,winner,diversified_major,425,PFE,-0.18400812414477313
120,disrupted,generic_maker,425,TEVA,0.046626518023623956
120,control,generic_maker,425,AMPH,0.07767874774896835
120,control,generic_maker,425,AMRX,1.0484980203585024
120,control,generic_maker,425,BAX,-0.23879532384359775
120,control,generic_maker,425,ICUI,-0.5413048365649636
120,control,generic_maker,425,RDY,0.1531615023619695
120,control,generic_maker,425,VTRS,-0.037400966793084835
120,disrupted,diversified_major,426,PFE,-0.2054011035137731
120,disrupted,generic_maker,430,AMRX,0.5865318380024734
120,disrupted,generic_maker,430,RDY,-0.02529543673626867
120,winner,generic_maker,430,TEVA,0.2120072705830248
120,control,generic_maker,430,AMPH,-0.14917132440063252
120,control,generic_maker,430,BAX,-0.19743117027878535
120,control,generic_maker,430,ICUI,-0.5456060877628899
120,control,generic_maker,430,VTRS,0.07447251587990093
