role,company_type,horizon,events,positions,mean,median,share_positive,t,p,p_holm,survives
control,generic_maker,1,24,116,-0.0014446762888288011,-0.003957513875609248,0.3333333333333333,-0.7017542507241761,0.48987326465278314,1.0,False
control,generic_maker,5,24,116,0.014383785536489085,0.016304650225532118,0.75,2.476029002838483,0.021077629872859986,0.5058631169486396,False
control,generic_maker,20,24,116,0.008543616181279287,0.009973475856932063,0.5833333333333334,0.7451647034780065,0.4637194568579632,1.0,False
control,generic_maker,60,24,116,0.013639451395371422,0.009163348276453034,0.5416666666666666,0.7214471266163178,0.47790495175092995,1.0,False
control,generic_maker,120,24,116,0.047239245127071734,0.062447392102377194,0.75,1.9513220199283032,0.06330241209015108,1.0,False
disrupted,diversified_major,1,20,20,-0.0011054536813110772,0.0001315416514313791,0.5,-0.277440525533652,0.7844380794922818,1.0,False
disrupted,diversified_major,5,20,20,0.00849706755557759,0.0031182759908455,0.5,0.8006833998645209,0.4332135935627531,1.0,False
disrupted,diversified_major,20,20,20,0.0001636879228172402,-0.008035782051341402,0.5,0.00952392229986258,0.9925004151586337,1.0,False
disrupted,diversified_major,60,20,20,-0.02574961736947145,-0.030846590379657982,0.3,-1.2028938560747924,0.24379321898325562,1.0,False
disrupted,diversified_major,120,20,20,-0.039794037138864355,-0.07016761888813174,0.4,-1.2199733070055307,0.237402082994143,1.0,False
disrupted,generic_maker,1,18,20,0.001664956010066508,5.6746934792434745e-05,0.5,0.44780978522955167,0.6599445842736933,1.0,False
disrupted,generic_maker,5,18,20,0.013358419584910096,-0.010217612671356052,0.3888888888888889,0.8010829293370224,0.4341378792645657,1.0,False
disrupted,generic_maker,20,18,20,0.02193826588509583,-0.005797470680388414,0.3333333333333333,0.9585155369361172,0.3512375418338499,1.0,False
disrupted,generic_maker,60,18,20,0.05211935500192617,-0.006080746320439805,0.5,1.3342118316785656,0.19973276279577734,1.0,False
disrupted,generic_maker,120,17,19,-0.04279486088930392,-0.03511813202139468,0.35294117647058826,-0.8252588603806277,0.4213591497352418,1.0,False
winner,diversified_major,1,10,10,-0.0015027002318911222,-0.0027703831920056375,0.4,-0.552681509896391,0.5939402652743846,1.0,False
winner,diversified_major,5,10,10,0.0014732450642378353,0.0024836191586457106,0.7,0.16437487450903096,0.8730684721957874,1.0,False
winner,diversified_major,20,10,10,0.00869807356512073,0.03340628099249525,0.7,0.4029193814393076,0.6964108526849264,1.0,False
winner,diversified_major,60,10,10,0.03707306585514246,0.022632844766907054,0.6,1.2447600224153044,0.24465639950587184,1.0,False
winner,diversified_major,120,10,10,0.03762987347751689,0.10706242323777436,0.7,0.961676594182881,0.3613358363130223,1.0,False
winner,generic_maker,1,8,9,0.001628045549934831,0.007428421689791676,0.75,0.1926356323408542,0.8527139939410529,1.0,False
winner,generic_maker,5,8,9,0.006623187286075069,0.0032871594409971923,0.5,0.36238111653407157,0.7277608740192822,1.0,False
winner,generic_maker,20,8,9,-0.048643093732622704,-0.038998425510301034,0.375,-1.9061160799663577,0.09831767180232251,1.0,False
winner,generic_maker,60,8,9,-0.15965842172801048,-0.20183796742231375,0.125,-3.2178542499119906,0.014697068582461508,0.3674267145615377,False
winner,generic_maker,120,8,9,-0.0409102914263888,-0.08037211184695167,0.375,-0.5002114530255328,0.6322656508902342,1.0,False
