date,ticker,status,adv_usd,order_usd,participation,capacity_usd_1pct,capacity_usd_5pct,full_spread_bps,assumption
2016-04-05,PFE,ok,774721903.9577782,50000.0,6.453928789746077e-05,154944380.79155564,774721903.9577782,50.03907228165785,participation bound only; impact model not yet calibrated
2016-04-05,SPY,ok,23479039559.475235,42583.587799732304,1.8136852528342544e-06,5513635833.104422,27568179165.522114,0.6804989002244517,participation bound only; impact model not yet calibrated
2016-04-12,PFE,ok,918670727.3976084,50956.63143914565,5.546778613866858e-05,180421162.42459393,902105812.1229697,36.13079509090887,participation bound only; impact model not yet calibrated
2016-04-12,SPY,ok,22170429352.806835,42944.54551481947,1.9370191181878295e-06,5166475827.879231,25832379139.396152,6.413588685574673,participation bound only; impact model not yet calibrated
2021-11-08,BAX,ok,228257260.95954463,25008.784309151408,0.00010956402527577802,91302904.38381785,456514521.91908926,0.0,participation bound only; impact model not yet calibrated
2021-11-08,ICUI,ok,46326974.924833335,25008.784309151408,0.0005398320168698427,18530789.96993333,92653949.84966667,18.73062386600636,participation bound only; impact model not yet calibrated
2021-11-08,SPY,ok,29965936440.315247,22767.391418074432,7.597757361403159e-07,13166403252.726547,65832016263.63274,10.231347563919318,participation bound only; impact model not yet calibrated
2021-11-15,BAX,ok,221804540.16951248,25266.05008642665,0.00011391132961984123,87846282.05611153,439231410.28055763,0.0,participation bound only; impact model not yet calibrated
2021-11-15,ICUI,ok,46967536.54983333,25199.604448440074,0.0005365323859747867,18650666.861406405,93253334.30703203,42.21735599051205,participation bound only; impact model not yet calibrated
2021-11-15,SPY,ok,29223261206.893448,22694.563726048033,7.765924400215344e-07,12885377548.735584,64426887743.67792,11.321036072549676,participation bound only; impact model not yet calibrated
2023-01-30,AMRX,ok,2746709.4665000006,50032.43969917692,0.018215410224267675,549341.8933000001,2746709.4665000006,88.76630625071283,participation bound only; impact model not yet calibrated
2023-01-30,SPY,ok,30395389646.234238,48788.143704708054,1.6051165743404953e-06,6234119128.666287,31170595643.33144,0.0,participation bound only; impact model not yet calibrated
2023-02-06,AMRX,ok,2783332.1425,60804.97456263607,0.021846107991991496,461057.29829630104,2305286.4914815053,89.62941777666632,participation bound only; impact model not yet calibrated
2023-02-06,SPY,ok,30574630296.580772,49913.489977989266,1.6325132795987136e-06,6169816598.093886,30849082990.469433,1.495752342482198,participation bound only; impact model not yet calibrated
