lot_id,event_id,ticker,information_date,end_date,descriptive_pre_information_car,beta_estimation
131:AMPH:placebo,131,AMPH,2016-03-06,2016-03-04,-0.017496500462446836,250 returns before evidence date; descriptive only
131:BAX:placebo,131,BAX,2016-03-06,2016-03-04,0.00022432639124412125,250 returns before evidence date; descriptive only
131:ICUI:placebo,131,ICUI,2016-03-06,2016-03-04,0.006468985254176999,250 returns before evidence date; descriptive only
352:AMPH:placebo,352,AMPH,2021-10-08,2021-10-07,0.07846057094144246,250 returns before evidence date; descriptive only
352:AMRX:placebo,352,AMRX,2021-10-08,2021-10-07,0.11529162068275041,250 returns before evidence date; descriptive only
408:AMPH:placebo,408,AMPH,2022-12-28,2022-12-27,-0.013955382187337306,250 returns before evidence date; descriptive only
408:BAX:placebo,408,BAX,2022-12-28,2022-12-27,-0.054064297166978595,250 returns before evidence date; descriptive only
408:ICUI:placebo,408,ICUI,2022-12-28,2022-12-27,0.034976526078826044,250 returns before evidence date; descriptive only
408:VTRS:placebo,408,VTRS,2022-12-28,2022-12-27,0.02595507767254912,250 returns before evidence date; descriptive only
