event_id,ticker,stage,reason,winners,controls
1,,event,left_censored,,
2,,event,left_censored,,
3,,event,left_censored,,
4,,event,left_censored,,
5,,event,left_censored,,
6,,event,left_censored,,
7,,event,left_censored,,
8,,event,left_censored,,
9,,event,left_censored,,
10,,event,left_censored,,
11,,event,left_censored,,
12,,event,left_censored,,
13,,event,left_censored,,
14,,event,left_censored,,
15,,event,left_censored,,
16,,event,left_censored,,
17,,event,left_censored,,
18,,event,left_censored,,
19,,event,left_censored,,
20,,event,left_censored,,
21,,event,left_censored,,
22,,event,left_censored,,
23,,event,left_censored,,
24,,event,left_censored,,
25,,event,left_censored,,
26,,event,left_censored,,
27,,event,left_censored,,
28,,event,left_censored,,
29,,event,left_censored,,
30,,event,left_censored,,
31,,event,left_censored,,
32,,event,left_censored,,
33,,event,left_censored,,
34,,event,left_censored,,
35,,event,left_censored,,
36,,event,left_censored,,
37,,event,left_censored,,
38,,event,left_censored,,
39,,event,left_censored,,
40,,event,left_censored,,
41,,event,left_censored,,
42,,event,left_censored,,
43,,event,left_censored,,
44,,event,left_censored,,
45,,event,left_censored,,
46,,event,left_censored,,
47,,event,left_censored,,
48,,event,left_censored,,
49,,event,left_censored,,
50,,event,left_censored,,
51,,event,left_censored,,
52,,event,left_censored,,
53,,event,left_censored,,
54,,event,left_censored,,
55,,event,left_censored,,
56,,event,left_censored,,
57,,event,left_censored,,
58,,event,left_censored,,
59,,event,left_censored,,
60,,event,left_censored,,
61,,event,left_censored,,
62,,event,left_censored,,
63,,event,left_censored,,
64,,event,left_censored,,
65,,event,left_censored,,
66,,event,left_censored,,
67,,event,left_censored,,
68,,event,left_censored,,
69,,event,left_censored,,
70,,event,left_censored,,
71,,event,left_censored,,
72,,event,left_censored,,
73,,event,not_injectable,,
74,,event,not_injectable,,
75,,event,included,8.0,5.0
76,,event,included,8.0,5.0
77,,event,included,8.0,5.0
78,,event,not_injectable,,
79,,event,not_injectable,,
80,,event,included,8.0,5.0
81,,event,not_injectable,,
82,,event,included,8.0,5.0
83,,event,included,8.0,5.0
84,,event,not_injectable,,
85,,event,archive_gap,,
86,,event,archive_gap,,
87,,event,archive_gap,,
88,,event,not_injectable,,
89,,event,not_injectable,,
90,,event,archive_gap,,
91,,event,archive_gap,,
92,,event,archive_gap,,
93,,event,not_injectable,,
94,,event,archive_gap,,
95,,event,artifact_flag,,
96,,event,not_injectable,,
97,,event,included,8.0,5.0
98,,event,included,8.0,5.0
99,,event,not_injectable,,
100,,event,included,8.0,5.0
101,,event,included,8.0,5.0
102,,event,not_injectable,,
103,,event,included,8.0,5.0
104,,event,not_injectable,,
105,,event,included,8.0,5.0
106,,event,included,8.0,5.0
107,,event,included,8.0,5.0
108,,event,included,8.0,5.0
109,,event,artifact_flag,,
110,,event,not_injectable,,
111,,event,included,8.0,5.0
112,,event,not_injectable,,
113,,event,not_injectable,,
114,,event,included,8.0,5.0
115,,event,not_injectable,,
116,,event,included,8.0,5.0
117,,event,included,8.0,5.0
118,,event,included,8.0,4.0
119,,event,included,8.0,4.0
120,,event,included,8.0,4.0
121,,event,not_injectable,,
122,,event,not_injectable,,
123,,event,included,9.0,4.0
124,,event,not_injectable,,
125,,event,included,9.0,4.0
126,,event,included,9.0,4.0
127,,event,included,9.0,4.0
128,,event,included,9.0,4.0
129,,event,not_injectable,,
130,,event,included,9.0,4.0
131,,event,included,9.0,4.0
132,,event,included,9.0,4.0
133,,event,included,9.0,4.0
134,,event,not_injectable,,
135,,event,included,9.0,4.0
136,,event,not_injectable,,
137,,event,included,9.0,4.0
138,,event,included,9.0,4.0
139,,event,included,9.0,4.0
140,,event,included,9.0,4.0
141,,event,included,9.0,4.0
142,,event,included,9.0,4.0
143,,event,included,9.0,4.0
144,,event,artifact_flag,,
145,,event,artifact_flag,,
146,,event,artifact_flag,,
147,,event,artifact_flag,,
148,,event,not_injectable,,
149,,event,included,8.0,4.0
150,,event,not_injectable,,
151,,event,not_injectable,,
152,,event,included,8.0,4.0
153,,event,not_injectable,,
154,,event,not_injectable,,
155,,event,not_injectable,,
156,,event,not_injectable,,
157,,event,included,8.0,4.0
158,,event,included,8.0,4.0
159,,event,not_injectable,,
160,,event,included,8.0,4.0
161,,event,included,8.0,4.0
162,,event,included,8.0,4.0
163,,event,included,8.0,4.0
164,,event,included,8.0,4.0
165,,event,not_injectable,,
166,,event,included,8.0,4.0
167,,event,not_injectable,,
168,,event,included,8.0,4.0
169,,event,included,8.0,4.0
170,,event,not_injectable,,
171,,event,not_injectable,,
172,,event,artifact_flag,,
173,,event,included,8.0,4.0
174,,event,included,8.0,4.0
175,,event,not_injectable,,
176,,event,included,8.0,4.0
177,,event,included,8.0,4.0
178,,event,not_injectable,,
179,,event,not_injectable,,
180,,event,included,8.0,4.0
181,,event,included,8.0,4.0
182,,event,included,8.0,4.0
183,,event,included,8.0,4.0
184,,event,included,8.0,4.0
185,,event,included,8.0,4.0
186,,event,included,8.0,4.0
187,,event,included,8.0,4.0
188,,event,not_injectable,,
189,,event,not_injectable,,
190,,event,not_injectable,,
191,,event,included,8.0,4.0
192,,event,included,8.0,4.0
193,,event,artifact_flag,,
194,,event,artifact_flag,,
195,,event,artifact_flag,,
196,,event,artifact_flag,,
197,,event,artifact_flag,,
198,,event,included,8.0,4.0
199,,event,not_injectable,,
200,,event,included,8.0,4.0
201,,event,not_injectable,,
202,,event,included,8.0,4.0
203,,event,included,8.0,4.0
204,,event,included,8.0,4.0
205,,event,not_injectable,,
206,,event,not_injectable,,
207,,event,included,8.0,4.0
208,,event,included,8.0,4.0
209,,event,included,8.0,4.0
210,,event,included,8.0,4.0
211,,event,not_injectable,,
212,,event,included,8.0,4.0
213,,event,included,8.0,4.0
214,,event,included,8.0,4.0
215,,event,included,8.0,4.0
216,,event,included,8.0,4.0
217,,event,not_injectable,,
218,,event,not_injectable,,
219,,event,artifact_flag,,
220,,event,included,8.0,4.0
221,,event,not_injectable,,
222,,event,not_injectable,,
223,,event,included,8.0,4.0
224,,event,not_injectable,,
225,,event,not_injectable,,
226,,event,not_injectable,,
227,,event,not_injectable,,
228,,event,included,8.0,4.0
229,,event,not_injectable,,
230,,event,not_injectable,,
231,,event,not_injectable,,
232,,event,not_injectable,,
233,,event,archive_gap,,
234,,event,not_injectable,,
235,,event,archive_gap,,
236,,event,archive_gap,,
237,,event,not_injectable,,
238,,event,included,8.0,4.0
239,,event,not_injectable,,
240,,event,not_injectable,,
241,,event,not_injectable,,
242,,event,not_injectable,,
243,,event,archive_gap,,
244,,event,artifact_flag,,
245,,event,not_injectable,,
246,,event,archive_gap,,
247,,event,not_injectable,,
248,,event,artifact_flag,,
249,,event,not_injectable,,
250,,event,not_injectable,,
251,,event,archive_gap,,
252,,event,not_injectable,,
253,,event,not_injectable,,
254,,event,not_injectable,,
255,,event,archive_gap,,
256,,event,not_injectable,,
257,,event,not_injectable,,
258,,event,archive_gap,,
259,,event,not_injectable,,
260,,event,included,8.0,4.0
261,,event,included,8.0,4.0
262,,event,included,8.0,4.0
263,,event,not_injectable,,
264,,event,not_injectable,,
265,,event,not_injectable,,
266,,event,included,8.0,4.0
267,,event,not_injectable,,
268,,event,not_injectable,,
269,,event,included,8.0,4.0
270,,event,not_injectable,,
271,,event,not_injectable,,
272,,event,included,8.0,4.0
273,,event,not_injectable,,
274,,event,not_injectable,,
275,,event,not_injectable,,
276,,event,not_injectable,,
277,,event,included,8.0,4.0
278,,event,not_injectable,,
279,,event,included,8.0,4.0
280,,event,included,8.0,4.0
281,,event,included,8.0,4.0
282,,event,not_injectable,,
283,,event,not_injectable,,
284,,event,included,8.0,4.0
285,,event,not_injectable,,
286,,event,not_injectable,,
287,,event,not_injectable,,
288,,event,not_injectable,,
289,,event,artifact_flag,,
290,,event,artifact_flag,,
291,,event,artifact_flag,,
292,,event,artifact_flag,,
293,,event,artifact_flag,,
294,,event,artifact_flag,,
295,,event,artifact_flag,,
296,,event,artifact_flag,,
297,,event,artifact_flag,,
298,,event,not_injectable,,
299,,event,not_injectable,,
300,,event,not_injectable,,
301,,event,not_injectable,,
302,,event,included,8.0,4.0
303,,event,not_injectable,,
304,,event,included,8.0,4.0
305,,event,included,8.0,4.0
306,,event,included,8.0,4.0
307,,event,artifact_flag,,
308,,event,not_injectable,,
309,,event,not_injectable,,
310,,event,included,7.0,4.0
311,,event,included,7.0,4.0
312,,event,not_injectable,,
313,,event,included,7.0,4.0
314,,event,included,7.0,4.0
315,,event,included,7.0,4.0
316,,event,not_injectable,,
317,,event,not_injectable,,
318,,event,not_injectable,,
319,,event,included,7.0,4.0
320,,event,not_injectable,,
321,,event,not_injectable,,
322,,event,included,7.0,4.0
323,,event,not_injectable,,
324,,event,not_injectable,,
325,,event,included,7.0,4.0
326,,event,included,7.0,4.0
327,,event,artifact_flag,,
328,,event,artifact_flag,,
329,,event,artifact_flag,,
330,,event,artifact_flag,,
331,,event,included,7.0,4.0
332,,event,not_injectable,,
333,,event,artifact_flag,,
334,,event,not_injectable,,
335,,event,included,7.0,4.0
336,,event,not_injectable,,
337,,event,not_injectable,,
338,,event,not_injectable,,
339,,event,included,7.0,4.0
340,,event,included,7.0,4.0
341,,event,included,7.0,4.0
342,,event,included,7.0,4.0
343,,event,included,7.0,4.0
344,,event,included,7.0,4.0
345,,event,not_injectable,,
346,,event,not_injectable,,
347,,event,included,7.0,4.0
348,,event,included,7.0,4.0
349,,event,included,7.0,4.0
350,,event,artifact_flag,,
351,,event,included,7.0,4.0
352,,event,included,7.0,4.0
353,,event,included,7.0,4.0
354,,event,included,7.0,4.0
355,,event,included,7.0,4.0
356,,event,included,7.0,4.0
357,,event,included,7.0,4.0
358,,event,included,7.0,4.0
359,,event,included,6.0,4.0
360,,event,not_injectable,,
361,,event,included,6.0,4.0
362,,event,artifact_flag,,
363,,event,included,6.0,4.0
364,,event,included,6.0,4.0
365,,event,included,6.0,4.0
366,,event,not_injectable,,
367,,event,included,6.0,4.0
368,,event,included,6.0,4.0
369,,event,not_injectable,,
370,,event,not_injectable,,
371,,event,included,6.0,4.0
372,,event,artifact_flag,,
373,,event,included,6.0,4.0
374,,event,included,6.0,4.0
375,,event,included,6.0,4.0
376,,event,included,6.0,4.0
377,,event,included,6.0,4.0
378,,event,included,6.0,4.0
379,,event,included,6.0,4.0
380,,event,included,6.0,4.0
381,,event,included,6.0,4.0
382,,event,included,6.0,4.0
383,,event,included,6.0,4.0
384,,event,not_injectable,,
385,,event,included,6.0,4.0
386,,event,not_injectable,,
387,,event,included,6.0,4.0
388,,event,not_injectable,,
389,,event,not_injectable,,
390,,event,not_injectable,,
391,,event,included,6.0,4.0
392,,event,not_injectable,,
393,,event,not_injectable,,
394,,event,included,5.0,4.0
395,,event,included,5.0,4.0
396,,event,not_injectable,,
397,,event,included,5.0,4.0
398,,event,not_injectable,,
399,,event,not_injectable,,
400,,event,not_injectable,,
401,,event,not_injectable,,
402,,event,not_injectable,,
403,,event,included,5.0,4.0
404,,event,included,5.0,4.0
405,,event,not_injectable,,
406,,event,included,5.0,4.0
407,,event,not_injectable,,
408,,event,not_injectable,,
409,,event,included,5.0,4.0
410,,event,not_injectable,,
411,,event,not_injectable,,
412,,event,not_injectable,,
413,,event,not_injectable,,
414,,event,included,5.0,4.0
415,,event,included,5.0,4.0
416,,event,included,5.0,4.0
417,,event,included,5.0,4.0
418,,event,included,5.0,4.0
419,,event,not_injectable,,
420,,event,not_injectable,,
421,,event,included,5.0,4.0
422,,event,included,5.0,4.0
423,,event,included,5.0,4.0
424,,event,included,5.0,4.0
425,,event,included,5.0,4.0
426,,event,included,5.0,4.0
427,,event,not_injectable,,
428,,event,not_injectable,,
429,,event,included,4.0,4.0
430,,event,not_injectable,,
431,,event,artifact_flag,,
432,,event,artifact_flag,,
433,,event,artifact_flag,,
434,,event,artifact_flag,,
435,,event,artifact_flag,,
436,,event,artifact_flag,,
437,,event,artifact_flag,,
438,,event,artifact_flag,,
439,,event,artifact_flag,,
440,,event,artifact_flag,,
441,,event,artifact_flag,,
442,,event,artifact_flag,,
443,,event,artifact_flag,,
444,,event,artifact_flag,,
445,,event,artifact_flag,,
446,,event,artifact_flag,,
447,,event,artifact_flag,,
448,,event,artifact_flag,,
449,,event,artifact_flag,,
450,,event,artifact_flag,,
451,,event,artifact_flag,,
452,,event,artifact_flag,,
453,,event,artifact_flag,,
454,,event,artifact_flag,,
455,,event,artifact_flag,,
456,,event,artifact_flag,,
457,,event,artifact_flag,,
458,,event,artifact_flag,,
459,,event,artifact_flag,,
460,,event,artifact_flag,,
461,,event,artifact_flag,,
462,,event,not_injectable,,
463,,event,included,4.0,4.0
464,,event,included,4.0,4.0
465,,event,included,4.0,4.0
466,,event,included,4.0,4.0
467,,event,not_injectable,,
468,,event,not_injectable,,
469,,event,artifact_flag,,
470,,event,artifact_flag,,
471,,event,artifact_flag,,
472,,event,artifact_flag,,
473,,event,artifact_flag,,
474,,event,not_injectable,,
475,,event,included,4.0,4.0
476,,event,included,4.0,4.0
